ticker,when,eps_estimate,eps_reported,surprise_pct
1216.TW,2006-08-29 05:00,0.1900,0.1900,-2.1100
1216.TW,2006-10-30 02:00,0.2300,0.1500,-36.7500
1216.TW,2007-04-26 22:00,0.1000,0.1200,20.1800
1216.TW,2007-08-29 03:00,0.2700,0.4100,49.8000
1216.TW,2007-10-29 01:00,0.2900,0.4400,54.4200
1216.TW,2008-04-28 20:00,0.2800,0.2100,-26.6800
1216.TW,2008-08-22 04:00,0.3600,0.3300,-8.7000
1216.TW,2008-10-29 05:00,0.3200,0.3400,5.0300
1216.TW,2009-04-28 04:00,0.2600,-0.2300,-189.0000
1216.TW,2009-04-28 09:00,0.1700,0.3500,111.6600
1216.TW,2009-08-28 03:00,0.3000,0.5200,74.5400
1216.TW,2009-10-28 09:00,0.3800,0.3600,-4.4000
1216.TW,2010-04-26 14:00,0.2800,0.3400,22.1700
1216.TW,2010-04-26 19:00,0.3900,0.5300,34.0300
1216.TW,2010-07-15 19:00,0.4300,0.4400,3.2300
1216.TW,2010-10-29 15:00,0.4100,0.6400,53.8200
1216.TW,2011-04-26 04:00,0.3300,0.3200,-3.7000
1216.TW,2011-04-28 19:00,0.4900,0.4000,-18.5800
1216.TW,2011-08-29 05:00,0.5100,0.4000,-21.0900
1216.TW,2011-10-28 23:00,0.6500,0.5400,-17.5100
1216.TW,2012-03-28 17:00,0.3200,0.3000,-6.5700
1216.TW,2012-04-27 15:00,0.4600,0.5300,15.6700
1216.TW,2012-08-29 07:00,0.5100,0.5300,3.7600
1216.TW,2012-10-30 12:00,0.5400,0.6300,16.5400
1216.TW,2013-03-29 19:00,0.4700,0.4500,-5.7300
1216.TW,2013-05-13 19:00,0.5800,0.6300,8.8200
1216.TW,2014-05-13 14:00,0.5900,0.7300,22.6400
1216.TW,2014-08-11 06:00,0.4900,0.5800,17.1300
1216.TW,2014-11-11 03:00,0.7400,0.3400,-54.5900
1216.TW,2015-03-26 20:00,0.3100,0.3400,8.9900
1216.TW,2015-05-12 17:00,0.5600,0.7500,33.8300
1216.TW,2015-08-11 21:00,0.6500,0.8100,24.1400
1216.TW,2015-11-10 04:00,0.6800,0.6800,-0.2000
1216.TW,2016-03-28 22:00,0.4000,0.2700,-31.9700
1216.TW,2016-05-11 06:00,0.7300,0.7600,3.8400
1216.TW,2016-08-10 04:00,0.8200,0.8400,3.0000
1216.TW,2016-11-08 15:00,0.7700,0.7300,-5.2100
1216.TW,2017-03-29 21:00,0.4000,0.2200,-45.3900
1216.TW,2017-05-09 18:00,0.6800,0.7800,14.3500
1216.TW,2017-08-08 19:00,0.7900,0.8300,4.6200
1216.TW,2017-11-08 20:00,0.7000,1.0000,43.6300
1216.TW,2018-03-28 15:00,0.4900,4.3700,791.8400
1216.TW,2018-05-09 16:00,0.7400,0.7500,2.0300
1216.TW,2018-08-07 20:00,0.8300,0.9600,15.8600
1216.TW,2018-11-07 16:00,0.9000,0.8800,-1.9100
1216.TW,2019-03-27 19:00,0.4500,0.4800,6.6800
1216.TW,2019-05-08 22:00,0.7900,0.9200,16.4600
1216.TW,2019-08-07 21:00,0.9200,1.0100,9.6600
1216.TW,2019-11-05 16:00,0.9900,0.9000,-8.7000
1216.TW,2020-03-26 17:00,0.5100,0.4900,-2.9700
1216.TW,2020-05-13 06:00,0.8700,0.7800,-9.8300
1216.TW,2020-08-11 16:00,1.0000,1.1200,12.4700
1216.TW,2020-11-10 19:00,0.9500,1.2500,31.9400
1216.TW,2021-03-24 05:00,0.4900,0.6200,25.3300
1216.TW,2021-05-12 06:00,0.8700,0.9500,8.9200
1216.TW,2021-08-10 20:00,1.0500,0.9400,-10.1000
1216.TW,2021-11-10 19:00,1.1100,1.0000,-9.6800
1216.TW,2022-03-09 19:00,0.6900,0.5900,-14.4300
1216.TW,2022-05-11 22:00,0.9600,0.7400,-22.9600
1216.TW,2022-08-10 21:00,1.0000,0.8500,-14.7200
1216.TW,2022-11-09 21:00,1.1300,0.9700,-13.8000
1216.TW,2023-03-10 02:00,0.7500,0.4500,-39.9700
1216.TW,2023-05-11 04:00,0.8800,0.8800,0.3300
1216.TW,2023-08-10 20:00,1.0700,1.0900,1.7700
1216.TW,2023-11-09 19:00,1.0100,0.9800,-2.5600
1216.TW,2024-03-10 21:00,0.7600,0.2800,-63.1900
1216.TW,2024-05-09 22:00,0.9400,0.9700,3.5400
1216.TW,2024-08-08 22:00,0.9600,1.0400,8.5700
1216.TW,2024-11-11 19:00,1.1900,1.0700,-10.2700
1216.TW,2025-03-05 19:00,0.7200,0.5500,-23.2400
1216.TW,2025-05-08 20:00,1.0100,0.9000,-11.0000
1216.TW,2025-08-07 22:00,0.9800,0.9700,-0.7900
1216.TW,2025-11-06 03:00,1.1100,1.0500,-5.4100
1216.TW,2026-03-06 02:00,0.6900,0.5200,-24.2700
1216.TW,2026-05-07 04:00,0.9500,1.0000,5.3300
1216.TW,2026-08-06 21:00,1.0200,1.4000,37.5200
1216.TW,2026-11-05 00:00,1.1500,,
1301.TW,2004-10-28 02:00,0.8800,1.5800,79.8700
1301.TW,2005-01-24 05:00,1.3300,1.7800,33.7300
1301.TW,2005-04-29 06:00,2.0400,1.8200,-10.9600
1301.TW,2005-08-26 06:00,1.2500,0.9000,-27.6900
1301.TW,2005-10-26 21:00,1.1200,1.9100,70.5000
1301.TW,2006-03-17 20:00,1.1300,0.5900,-47.5300
1301.TW,2006-04-28 05:00,0.8300,0.6200,-24.8300
1301.TW,2006-08-25 10:00,1.0500,1.2000,14.1400
1301.TW,2006-10-26 07:00,1.1100,1.9200,73.9100
1301.TW,2007-03-23 04:00,0.8300,1.1100,33.8200
1301.TW,2007-04-27 08:00,1.1100,1.1600,4.9100
1301.TW,2007-08-24 03:00,1.3100,1.4600,12.0000
1301.TW,2007-10-26 05:00,2.5200,3.1500,25.3400
1301.TW,2008-03-28 03:00,1.4500,1.7300,19.2600
1301.TW,2008-04-29 05:00,1.4400,1.1000,-23.7600
1301.TW,2008-08-28 03:00,1.5500,2.0900,34.7400
1301.TW,2008-10-30 03:00,1.7300,2.2100,27.6500
1301.TW,2009-04-01 01:00,-0.4700,-2.3000,-385.3500
1301.TW,2009-04-29 07:00,0.5000,0.4600,-8.8600
1301.TW,2009-08-27 03:00,0.9400,1.2100,29.4400
1301.TW,2009-10-28 09:00,1.1500,1.4500,25.5600
1301.TW,2010-03-29 22:00,1.1700,1.2100,3.6200
1301.TW,2010-04-27 19:00,1.0600,1.2900,21.4500
1301.TW,2010-07-15 19:00,1.7000,1.8600,9.0400
1301.TW,2010-10-29 13:00,1.6500,2.0700,25.0500
1301.TW,2011-03-22 11:00,1.5200,1.9400,27.8900
1301.TW,2011-04-29 16:00,1.7300,2.3800,37.0600
1301.TW,2011-08-29 18:00,1.9300,1.7300,-10.4700
1301.TW,2011-10-28 20:00,2.4300,1.3800,-43.4300
1301.TW,2012-03-20 15:00,1.6700,0.1300,-91.9500
1301.TW,2012-04-30 03:00,1.3500,0.7600,-43.8200
1301.TW,2012-08-27 06:00,0.4700,-0.1800,-139.1700
1301.TW,2012-10-30 11:00,1.3900,1.2700,-8.7000
1301.TW,2013-03-25 11:00,0.4700,0.4600,-1.0600
1301.TW,2013-05-10 05:00,0.8200,0.8700,5.8800
1301.TW,2013-08-12 11:00,0.6200,0.4900,-21.5600
1301.TW,2013-11-12 05:00,0.9300,1.0200,10.0700
1301.TW,2014-03-24 15:00,0.7400,0.8800,19.5700
1301.TW,2014-05-13 04:00,0.7800,1.1300,44.8700
1301.TW,2014-08-11 03:00,0.7300,0.5900,-18.6200
1301.TW,2014-11-11 10:00,1.1600,1.1900,3.0300
1301.TW,2015-03-24 11:00,0.8600,0.2300,-73.2500
1301.TW,2015-05-07 23:00,0.6600,0.5700,-13.6400
1301.TW,2015-08-11 12:00,1.6200,1.7100,5.5600
1301.TW,2015-11-10 05:00,1.4300,1.6500,15.3800
1301.TW,2016-03-16 15:00,0.9400,0.9200,-1.7400
1301.TW,2016-05-09 05:00,0.8300,0.9000,8.8700
1301.TW,2016-08-08 15:00,1.5100,1.6000,6.2500
1301.TW,2016-11-08 10:00,1.6200,1.7900,10.2900
1301.TW,2017-03-22 16:00,1.1900,1.9000,60.0000
1301.TW,2017-05-08 15:00,1.3000,1.5500,19.6900
1301.TW,2017-08-08 15:00,1.6300,1.5300,-6.0400
1301.TW,2017-11-12 13:00,2.0700,2.6600,28.8000
1301.TW,2018-03-22 05:00,1.8300,2.0200,10.1600
1301.TW,2018-05-10 22:00,1.7100,1.8700,9.5200
1301.TW,2018-08-07 05:00,2.2400,2.6900,19.8400
1301.TW,2018-11-13 04:00,2.4600,2.8600,16.3100
1301.TW,2019-03-25 05:00,0.2900,0.3600,25.3800
1301.TW,2019-04-10 01:00,1.0400,1.2800,23.0800
1301.TW,2019-08-13 03:00,1.6100,1.6300,1.2400
1301.TW,2019-11-12 02:00,2.2300,2.4600,10.4400
1301.TW,2020-03-17 04:00,0.6000,0.4900,-18.5400
1301.TW,2020-05-13 03:00,0.3000,-0.0600,-120.3400
1301.TW,2020-08-12 03:00,0.1900,-0.1000,-152.6300
1301.TW,2020-11-11 16:00,1.6000,1.6300,1.9000
1301.TW,2021-03-17 05:00,1.9300,1.6800,-12.9500
1301.TW,2021-04-09 01:00,1.7000,2.3500,38.0400
1301.TW,2021-08-11 04:00,2.3800,3.1800,33.6100
1301.TW,2021-11-10 03:00,2.4300,3.5400,45.3800
1301.TW,2022-01-10 00:00,2.5000,2.6500,5.8600
1301.TW,2022-05-10 05:00,2.2900,2.6000,13.6400
1301.TW,2022-08-11 04:00,2.3100,3.3300,44.2800
1301.TW,2022-11-10 03:00,1.4800,0.9000,-39.0800
1301.TW,2023-03-13 03:00,0.3700,-1.1600,-414.2900
1301.TW,2023-05-11 04:00,0.7500,0.3700,-50.4300
1301.TW,2023-08-09 23:00,0.5500,0.1900,-65.1400
1301.TW,2023-11-09 16:00,0.9900,1.0500,5.9300
1301.TW,2024-03-06 21:00,0.1400,-0.4600,-440.7400
1301.TW,2024-05-08 05:00,0.0800,0.0300,-62.5000
1301.TW,2024-08-08 20:00,0.2600,0.2100,-20.0100
1301.TW,2024-11-07 03:00,0.6600,-0.4900,-174.2400
1301.TW,2025-03-14 02:00,0.0300,0.0500,75.0700
1301.TW,2025-05-06 12:00,-0.0400,0.0100,125.0000
1301.TW,2025-08-05 05:00,-0.1600,-1.0800,-568.9800
1301.TW,2025-11-12 01:00,0.2400,-0.0900,-137.5000
1301.TW,2026-03-06 04:00,0.0600,-0.4300,-782.2100
1301.TW,2026-05-13 22:00,-0.0800,0.5100,737.5000
1301.TW,2026-08-12 02:00,1.6700,1.7100,2.4000
1301.TW,2026-11-18 00:00,1.0200,,
2002.TW,2005-05-01 14:00,1.0900,1.1600,7.2300
2002.TW,2005-08-29 22:00,1.2300,1.3600,10.7400
2002.TW,2005-10-27 21:00,0.8700,0.9800,13.2400
2002.TW,2006-01-27 02:00,0.4700,0.2000,-56.5800
2002.TW,2006-04-27 01:00,0.4600,0.4000,-13.2600
2002.TW,2006-08-29 02:00,0.5400,0.6500,20.2500
2002.TW,2006-10-14 02:00,0.7300,0.8800,20.2000
2002.TW,2007-01-17 04:00,0.9500,0.9100,-4.5400
2002.TW,2007-04-16 04:00,0.7900,0.9500,20.1500
2002.TW,2007-07-17 04:00,0.8000,0.9500,18.9500
2002.TW,2007-10-29 03:00,0.8700,0.8800,0.9100
2002.TW,2008-03-19 02:00,0.7400,0.9300,25.5400
2002.TW,2008-04-29 01:00,0.8400,0.8400,-0.4300
2002.TW,2008-08-27 01:00,1.0400,1.1200,7.3000
2002.TW,2008-10-28 01:00,1.1200,0.8800,-21.3600
2002.TW,2009-03-25 02:00,-0.5000,-1.0900,-118.1000
2002.TW,2009-04-28 02:00,0.1100,-0.5000,-553.2300
2002.TW,2009-08-26 01:00,0.1300,0.0500,-58.5900
2002.TW,2009-10-28 23:00,0.6700,0.7000,4.4700
2002.TW,2010-03-02 01:00,0.7600,1.0800,41.1000
2002.TW,2010-04-29 19:00,0.6900,0.7500,7.9300
2002.TW,2010-07-15 19:00,0.7600,0.8700,15.0800
2002.TW,2010-10-29 09:00,0.5100,0.5700,12.1700
2002.TW,2011-04-15 03:00,0.3000,0.2800,-5.4900
2002.TW,2011-04-29 07:00,0.3600,0.4600,25.0000
2002.TW,2011-08-24 22:00,0.6100,0.6100,1.1100
2002.TW,2011-10-28 17:00,0.2400,0.2600,8.0900
2002.TW,2012-03-28 15:00,-0.1100,-0.0300,68.1500
2002.TW,2012-04-26 19:00,0.1300,-0.0500,-135.6400
2002.TW,2012-08-28 15:00,0.2100,0.1700,-15.8100
2002.TW,2012-10-30 09:00,0.1400,0.1200,-18.4700
2002.TW,2013-03-26 19:00,0.1300,0.1300,0.1400
2002.TW,2013-05-13 19:00,0.1800,0.2400,31.5800
2002.TW,2013-08-12 06:00,0.2300,0.2300,-1.2700
2002.TW,2013-11-08 05:00,0.1700,0.2000,14.4600
2002.TW,2014-03-21 15:00,0.2800,0.2300,-19.0600
2002.TW,2014-05-13 07:00,0.2400,0.2400,-2.3300
2002.TW,2014-08-13 02:00,0.3100,0.3300,6.8900
2002.TW,2014-11-12 02:00,0.3500,0.4300,23.1000
2002.TW,2015-03-27 03:00,0.3900,0.4400,12.3500
2002.TW,2015-05-08 02:00,0.3300,0.3600,9.6900
2002.TW,2015-08-12 03:00,0.2100,0.1800,-12.8300
2002.TW,2015-11-11 01:00,0.0900,0.0500,-46.9100
2002.TW,2016-03-25 05:00,-0.1200,-0.1000,16.8800
2002.TW,2016-05-11 03:00,0.0300,0.0300,-9.9900
2002.TW,2016-08-10 05:00,0.3000,0.3400,14.5700
2002.TW,2016-11-07 14:00,0.3600,0.4300,20.3000
2002.TW,2017-03-22 03:00,0.2900,0.2300,-21.6600
2002.TW,2017-05-10 06:00,0.2400,0.2400,0.7300
2002.TW,2017-08-09 05:00,0.1800,0.2200,22.2200
2002.TW,2017-11-13 04:00,0.2700,0.2300,-14.8100
2002.TW,2018-03-28 06:00,0.3900,0.4000,3.5900
2002.TW,2018-05-09 06:00,0.2700,0.3000,12.9100
2002.TW,2018-08-09 19:00,0.3200,0.4200,32.3200
2002.TW,2018-11-12 03:00,0.4000,0.4700,18.2400
2002.TW,2019-03-25 05:00,0.3600,0.3800,5.8700
2002.TW,2019-05-06 05:00,0.2400,0.2300,-5.1300
2002.TW,2019-08-12 21:00,0.2800,0.2300,-18.5900
2002.TW,2019-11-12 20:00,0.1100,0.1400,21.9500
2002.TW,2020-03-23 05:00,0.0300,-0.0300,-190.1200
2002.TW,2020-05-04 05:00,-0.1700,-0.1500,14.2900
2002.TW,2020-08-03 05:00,-0.0800,-0.0900,-14.0700
2002.TW,2020-11-05 12:00,0.0100,-0.0400,-487.9700
2002.TW,2021-02-26 15:00,0.3000,0.3300,8.6000
2002.TW,2021-05-07 16:00,0.5400,0.5800,6.8300
2002.TW,2021-08-06 16:00,0.9200,1.0100,10.0800
2002.TW,2021-11-05 03:00,1.1800,1.2800,8.6900
2002.TW,2022-02-25 02:00,1.1100,1.1200,0.9700
2002.TW,2022-05-06 03:00,0.8600,0.6900,-20.0000
2002.TW,2022-08-05 03:00,0.6700,0.6500,-3.0400
2002.TW,2022-11-04 03:00,0.1500,0.1200,-22.5500
2002.TW,2023-02-23 23:00,-0.2500,-0.3200,-28.0200
2002.TW,2023-05-05 02:00,,-0.0500,
2002.TW,2023-08-04 03:00,0.0600,0.0600,1.8200
2002.TW,2023-11-03 04:00,0.0300,-0.0500,-299.3600
2002.TW,2024-02-29 02:00,0.1400,0.1400,-2.0100
2002.TW,2024-05-09 03:00,0.0700,0.0400,-40.7400
2002.TW,2024-08-13 03:00,0.0900,0.0900,4.6500
2002.TW,2024-11-08 03:00,0.0300,-0.0100,-128.6900
2002.TW,2025-02-27 01:00,0.0400,0.0100,-72.4500
2002.TW,2025-05-09 02:00,0.0700,0.0200,-69.2300
2002.TW,2025-08-08 03:00,-0.0300,-0.1200,-349.9400
2002.TW,2025-11-12 04:00,-0.0400,-0.1600,-357.1400
2002.TW,2026-02-26 04:00,-0.0400,-0.0200,53.8400
2002.TW,2026-05-08 04:00,-0.0200,-0.1600,-700.0000
2002.TW,2026-08-07 03:00,0.1100,0.1400,31.2500
2002.TW,2026-11-11 00:00,0.1100,,
2303.TW,2004-04-28 05:00,0.3500,0.5100,44.9200
2303.TW,2004-07-27 19:00,0.8900,1.0200,14.5300
2303.TW,2004-10-27 04:00,0.7200,0.8000,10.8300
2303.TW,2005-02-02 01:00,0.1600,0.1000,-39.7300
2303.TW,2005-04-27 01:00,0.0400,0.0200,-47.4600
2303.TW,2005-07-27 01:00,-0.0200,0.0300,242.0500
2303.TW,2005-10-26 01:00,0.1200,0.1600,35.8600
2303.TW,2006-02-14 00:00,0.1800,0.2200,20.7900
2303.TW,2006-04-26 05:00,0.3600,0.8700,143.1700
2303.TW,2006-08-02 01:00,0.2900,0.4700,62.8000
2303.TW,2006-10-25 01:00,0.5100,0.6300,24.2400
2303.TW,2007-02-07 00:00,0.3600,0.4100,13.6500
2303.TW,2007-04-30 04:00,0.1600,0.1100,-29.6100
2303.TW,2007-08-01 01:00,0.2600,0.3800,45.8400
2303.TW,2007-10-31 05:00,0.4900,0.5600,15.2200
2303.TW,2008-01-30 00:00,0.2800,0.0800,-71.4700
2303.TW,2008-04-30 06:00,0.0200,0.0100,-47.7500
2303.TW,2008-07-30 01:00,0.1200,0.1800,46.3000
2303.TW,2008-10-29 01:00,0.0700,-0.0900,-242.9200
2303.TW,2009-02-10 00:00,-0.2800,-1.7900,-543.4800
2303.TW,2009-04-29 04:00,-0.3500,-0.6400,-84.6100
2303.TW,2009-08-27 06:00,-0.0100,0.1200,921.5500
2303.TW,2009-10-30 03:00,0.2900,0.4700,61.0300
2303.TW,2010-03-27 03:00,0.2900,0.3400,18.7900
2303.TW,2010-04-28 02:00,0.2800,0.2800,1.0500
2303.TW,2010-08-04 01:00,0.3400,0.4200,22.7500
2303.TW,2010-10-27 01:00,0.5100,0.7000,37.4900
2303.TW,2011-01-26 03:00,0.4500,0.5200,15.7500
2303.TW,2011-04-27 05:00,0.3000,0.3600,19.8800
2303.TW,2011-08-03 09:00,0.2800,0.2600,-5.8800
2303.TW,2011-10-26 01:00,0.1100,0.1600,42.2900
2303.TW,2012-03-20 09:00,0.0800,0.0800,-2.4500
2303.TW,2012-04-26 15:00,0.0700,0.1000,41.5000
2303.TW,2012-07-25 02:00,0.2100,0.2400,15.2700
2303.TW,2012-10-31 01:00,0.2900,0.1900,-34.9700
2303.TW,2013-02-06 01:00,0.1200,0.0900,-26.7400
2303.TW,2013-05-14 10:00,0.1100,0.4900,352.9500
2303.TW,2013-08-07 06:00,0.0900,0.0700,-25.0000
2303.TW,2014-03-31 02:00,0.0500,0.0400,-20.0000
2303.TW,2015-04-30 14:00,0.2800,0.3100,12.3600
2303.TW,2015-07-29 04:00,0.2800,0.3700,31.9800
2303.TW,2015-10-28 06:00,0.1600,0.1400,-14.5400
2303.TW,2016-01-27 04:00,0.1200,0.2500,115.9300
2303.TW,2016-04-27 06:00,0.1300,0.0200,-84.0800
2303.TW,2016-08-01 02:00,0.2400,0.2000,-17.4800
2303.TW,2016-10-26 05:00,0.2100,0.2400,13.6100
2303.TW,2017-01-23 05:00,0.2200,0.2100,-5.5300
2303.TW,2017-04-26 05:00,0.1100,0.1900,75.9300
2303.TW,2017-07-26 05:00,0.1100,0.1700,54.3500
2303.TW,2017-10-25 04:00,0.1200,0.2800,124.5000
2303.TW,2018-01-24 04:00,0.1300,0.1300,-2.0800
2303.TW,2018-04-25 05:00,0.0800,0.2800,250.0000
2303.TW,2018-07-25 06:00,0.1700,0.3000,76.1500
2303.TW,2018-10-24 07:00,0.2100,0.1400,-34.5000
2303.TW,2019-01-29 04:00,0.1300,-0.1400,-211.8500
2303.TW,2019-04-24 05:00,-0.0900,0.1000,206.9900
2303.TW,2019-07-24 04:00,0.1000,0.1500,49.9900
2303.TW,2019-10-30 05:00,0.2200,0.2500,14.5900
2303.TW,2020-02-05 04:00,0.2200,0.3300,50.3700
2303.TW,2020-04-27 06:00,0.2000,0.1900,-3.3200
2303.TW,2020-07-29 04:00,0.3600,0.5500,51.5200
2303.TW,2020-10-29 05:00,0.4300,0.7500,74.2900
2303.TW,2021-01-27 04:00,0.4100,0.9200,122.7100
2303.TW,2021-04-28 05:00,0.6000,0.8500,42.4300
2303.TW,2021-07-28 04:00,0.7900,0.9800,23.7700
2303.TW,2021-10-27 04:00,1.0900,1.4300,31.3900
2303.TW,2022-01-25 03:00,1.2100,1.3000,7.0000
2303.TW,2022-04-27 05:00,1.4000,1.6100,14.7600
2303.TW,2022-07-27 04:00,1.8200,1.7400,-4.4500
2303.TW,2022-10-26 05:00,1.9600,2.1400,9.2100
2303.TW,2023-01-16 04:00,1.6300,1.5400,-5.8100
2303.TW,2023-04-26 04:00,1.0200,1.3100,28.2900
2303.TW,2023-07-26 05:00,1.0100,1.2700,25.3200
2303.TW,2023-10-25 07:00,1.0500,1.2700,20.7300
2303.TW,2024-01-31 03:00,0.9400,1.0600,12.8600
2303.TW,2024-04-24 05:00,0.8400,0.8400,0.0700
2303.TW,2024-07-31 05:00,0.9100,1.1100,22.4700
2303.TW,2024-10-30 06:00,1.1300,1.1600,2.8500
2303.TW,2025-01-21 06:00,0.9200,0.6800,-26.4400
2303.TW,2025-04-23 06:00,0.7100,0.6200,-13.2700
2303.TW,2025-07-30 05:00,0.8900,0.7100,-19.9700
2303.TW,2025-10-29 06:00,0.7700,1.1900,55.4300
2303.TW,2026-01-28 05:00,0.8400,0.8100,-3.0400
2303.TW,2026-04-29 06:00,0.8600,1.2900,50.3200
2303.TW,2026-07-29 06:00,1.1100,3.3700,203.2500
2303.TW,2026-10-28 01:00,1.4100,,
2308.TW,2004-08-06 06:00,0.7200,0.7300,0.6100
2308.TW,2004-10-28 05:00,0.8300,0.8200,-1.6800
2308.TW,2005-02-25 05:00,0.9300,0.8400,-9.6200
2308.TW,2005-04-29 06:00,0.8700,0.7000,-19.1900
2308.TW,2005-08-15 02:00,0.8300,0.6800,-18.4300
2308.TW,2005-10-28 05:00,0.9600,0.9900,4.0800
2308.TW,2006-02-23 04:00,1.0800,1.3300,23.1600
2308.TW,2006-04-27 05:00,1.0600,1.2500,17.7200
2308.TW,2006-08-20 05:00,1.2700,1.4700,15.7300
2308.TW,2006-10-27 10:00,1.4700,1.5800,7.7000
2308.TW,2007-03-19 04:00,1.4500,1.1400,-21.6700
2308.TW,2007-04-29 20:00,1.3200,1.4700,11.3300
2308.TW,2007-08-20 04:00,1.5000,1.6600,10.5000
2308.TW,2007-10-30 04:00,2.0400,2.1300,4.7800
2308.TW,2008-03-10 03:00,1.7200,1.6300,-4.8100
2308.TW,2008-04-28 03:00,1.0900,1.1800,8.2400
2308.TW,2008-08-18 04:00,1.2100,1.2600,4.1300
2308.TW,2008-10-27 05:00,1.4100,1.3700,-2.5800
2308.TW,2009-02-27 02:00,1.0000,0.7700,-23.0100
2308.TW,2009-04-27 03:00,0.7300,0.7600,2.9100
2308.TW,2009-08-19 03:00,0.8500,1.5500,82.6900
2308.TW,2009-10-26 03:00,1.1000,1.9000,72.8000
2308.TW,2010-03-17 04:00,1.2400,1.2800,3.2300
2308.TW,2010-04-28 16:00,1.3500,1.4400,6.4000
2308.TW,2010-08-26 21:00,1.8300,2.0400,11.7500
2308.TW,2010-10-28 12:00,1.9300,2.0200,4.4700
2308.TW,2011-03-10 19:00,1.6500,1.4400,-13.0500
2308.TW,2011-04-26 04:00,1.3600,1.3000,-4.0800
2308.TW,2011-08-18 21:00,1.4700,1.0700,-26.9600
2308.TW,2011-10-27 04:00,1.4700,1.1900,-19.1400
2308.TW,2012-03-20 12:00,1.0300,0.9400,-8.9000
2308.TW,2012-04-15 19:00,0.9500,1.5000,57.0900
2308.TW,2012-08-17 11:00,1.3500,1.6400,21.3400
2308.TW,2012-10-30 15:00,1.7700,1.9300,9.3400
2308.TW,2013-03-12 11:00,1.4500,2.3000,59.0000
2308.TW,2013-04-30 22:00,1.4300,1.7100,19.3600
2308.TW,2013-07-29 03:00,1.7100,1.6700,-2.2000
2308.TW,2013-10-28 06:00,1.9000,1.8500,-2.7800
2308.TW,2014-03-11 09:00,1.9100,1.9200,0.3500
2308.TW,2014-04-30 07:00,1.8000,1.8600,3.4500
2308.TW,2014-07-29 03:00,2.0900,2.1400,2.5000
2308.TW,2014-10-29 02:00,2.3800,2.3800,-0.2000
2308.TW,2015-03-11 03:00,2.2000,2.0400,-7.3100
2308.TW,2015-04-29 03:00,1.9200,1.5700,-18.2800
2308.TW,2015-07-29 02:00,1.9100,1.5400,-19.4200
2308.TW,2015-10-28 03:00,2.1000,2.4000,14.2400
2308.TW,2016-03-10 20:00,2.0800,2.0700,-0.5600
2308.TW,2016-04-28 21:00,1.5400,1.4800,-4.1600
2308.TW,2016-07-27 19:00,1.7300,1.6500,-4.4100
2308.TW,2016-10-26 18:00,2.2800,2.1700,-5.0000
2308.TW,2017-03-09 20:00,2.1300,1.8400,-13.4700
2308.TW,2017-04-27 05:00,1.6200,1.4800,-8.6400
2308.TW,2017-07-28 03:00,1.8000,1.6300,-9.5700
2308.TW,2017-10-30 05:00,2.2200,2.0900,-5.9500
2308.TW,2018-03-08 14:00,1.9800,1.8100,-8.4900
2308.TW,2018-04-30 02:00,1.5000,1.0600,-29.1600
2308.TW,2018-07-29 20:00,1.5300,1.2600,-17.8900
2308.TW,2018-10-28 17:00,1.9000,2.3400,23.3000
2308.TW,2019-03-10 19:00,2.0800,2.3100,10.9800
2308.TW,2019-04-29 05:00,1.3700,1.2900,-5.7400
2308.TW,2019-07-31 06:00,3.5600,3.6600,2.6700
2308.TW,2019-10-30 06:00,2.1400,1.9600,-8.2300
2308.TW,2020-03-10 06:00,1.7000,1.9400,14.2900
2308.TW,2020-04-28 17:00,0.8200,0.7900,-4.2100
2308.TW,2020-07-28 15:00,2.1600,2.9200,35.4700
2308.TW,2020-10-27 14:00,3.1100,3.2100,3.1900
2308.TW,2021-02-24 15:00,2.8800,2.8500,-1.0300
2308.TW,2021-04-28 04:00,2.3900,2.5300,5.9900
2308.TW,2021-07-29 06:00,3.0800,2.9200,-5.0500
2308.TW,2021-10-28 16:00,3.1000,2.4400,-21.2200
2308.TW,2022-02-24 20:00,2.6700,2.3900,-10.5200
2308.TW,2022-04-28 05:00,2.1900,2.3300,6.4600
2308.TW,2022-07-28 05:00,2.7900,2.9300,5.1900
2308.TW,2022-10-27 15:00,3.5100,4.2500,21.0500
2308.TW,2023-02-22 19:00,3.6200,3.0300,-16.2700
2308.TW,2023-04-27 04:00,2.8500,2.6500,-7.0100
2308.TW,2023-07-31 04:00,3.1200,3.1400,0.6400
2308.TW,2023-10-31 05:00,3.7800,3.5900,-4.9600
2308.TW,2024-02-29 20:00,3.3600,3.4600,2.9500
2308.TW,2024-04-30 06:00,2.4300,2.2100,-8.9700
2308.TW,2024-07-31 05:00,3.1500,3.8200,21.3800
2308.TW,2024-10-29 21:00,4.4300,3.7400,-15.6400
2308.TW,2025-02-25 19:00,4.2900,2.7600,-35.6300
2308.TW,2025-04-29 05:00,3.6600,3.9400,7.6300
2308.TW,2025-07-30 05:00,4.4100,5.3600,21.6200
2308.TW,2025-10-29 05:00,6.8900,7.1500,3.7100
2308.TW,2026-02-25 21:00,7.5400,6.6500,-11.8300
2308.TW,2026-04-29 05:00,7.4600,7.0000,-6.1400
2308.TW,2026-07-29 04:00,9.6100,9.6700,0.5900
2308.TW,2026-10-28 01:00,10.7500,,
2317.TW,2004-08-30 05:00,0.4800,0.5700,17.6400
2317.TW,2004-10-30 23:00,0.7000,0.6700,-5.2600
2317.TW,2005-04-07 14:00,0.8300,0.7300,-12.1800
2317.TW,2005-05-01 08:00,0.6900,0.6300,-9.8400
2317.TW,2005-08-30 23:00,0.7000,0.6900,-1.0000
2317.TW,2005-10-31 02:00,0.8200,0.9700,18.1000
2317.TW,2006-04-28 21:00,1.2000,1.1200,-6.9700
2317.TW,2006-05-01 21:00,0.9400,0.8300,-11.6600
2317.TW,2006-08-31 02:00,0.9800,0.8700,-11.2000
2317.TW,2006-10-31 01:00,1.2300,1.2300,0.4700
2317.TW,2007-04-28 10:00,1.5100,1.5900,4.8900
2317.TW,2007-08-30 10:00,1.2900,1.2100,-6.0800
2317.TW,2007-10-30 22:00,1.5400,1.5400,0.2600
2317.TW,2008-04-22 08:00,1.8400,2.0400,10.7900
2317.TW,2008-04-30 03:00,1.2600,1.2400,-1.4500
2317.TW,2008-08-29 10:00,1.1800,0.7800,-33.8100
2317.TW,2008-10-31 03:00,1.3500,1.3400,-0.5600
2317.TW,2009-03-30 06:00,1.3400,0.7000,-48.0600
2317.TW,2009-04-29 20:00,0.8400,1.0000,18.9700
2317.TW,2009-08-31 04:00,0.8900,1.1300,27.2800
2317.TW,2009-10-30 05:00,1.3000,1.3700,5.7000
2317.TW,2010-04-27 06:00,1.6300,2.1800,33.8600
2317.TW,2010-05-13 15:00,1.3400,1.3500,0.7800
2317.TW,2010-08-24 19:00,1.4700,0.9700,-34.0000
2317.TW,2010-10-15 19:00,1.6300,1.5100,-7.3000
2317.TW,2011-04-27 22:00,1.5000,1.6100,7.5100
2317.TW,2011-05-13 17:00,1.2100,1.0600,-12.6000
2317.TW,2011-08-29 19:00,1.0700,0.8500,-21.1000
2317.TW,2011-11-13 22:00,1.3400,1.3900,3.7500
2317.TW,2012-03-27 15:00,2.0500,2.5800,25.7200
2317.TW,2012-05-14 11:00,1.3600,1.1000,-19.0700
2317.TW,2012-08-31 06:00,0.8400,0.9300,11.4900
2317.TW,2012-11-13 14:00,2.0700,2.2000,5.9300
2317.TW,2013-03-25 07:00,2.6200,2.6700,1.7900
2317.TW,2013-05-14 15:00,1.3200,1.1900,-9.8500
2317.TW,2013-08-13 10:00,1.1700,1.1200,-4.9300
2317.TW,2013-11-13 05:00,1.9600,2.2100,12.9900
2317.TW,2014-03-28 07:00,3.0600,3.2200,5.1600
2317.TW,2014-05-14 16:00,1.3100,1.4200,8.6400
2317.TW,2014-08-13 06:00,1.2800,1.3100,2.8600
2317.TW,2014-11-13 23:00,2.4200,2.4800,2.4800
2317.TW,2015-03-31 12:00,3.8000,4.0900,7.6500
2317.TW,2015-05-15 04:00,2.0300,2.2000,8.2800
2317.TW,2015-08-13 06:00,1.8100,1.7600,-2.5500
2317.TW,2015-11-16 05:00,2.5000,2.7400,9.5400
2317.TW,2016-03-30 06:00,3.6600,3.7800,3.4500
2317.TW,2016-05-12 07:00,2.0600,1.9900,-3.5200
2317.TW,2016-08-11 09:00,1.6900,1.1600,-31.5100
2317.TW,2016-11-11 07:00,2.4200,2.4900,2.9600
2317.TW,2017-03-30 16:00,3.5100,4.9100,40.0300
2317.TW,2017-05-11 06:00,2.2400,2.0100,-10.1100
2317.TW,2017-08-11 06:00,1.6300,1.2700,-21.5900
2317.TW,2017-11-14 05:00,2.6000,1.5100,-41.9200
2317.TW,2018-03-30 08:00,4.7100,5.0600,7.5100
2317.TW,2018-05-14 07:00,1.9300,1.7100,-11.3900
2317.TW,2018-08-13 07:00,1.4400,1.2500,-13.2100
2317.TW,2018-11-13 06:00,2.0400,1.5600,-23.4700
2317.TW,2019-03-29 07:00,2.6700,4.0200,50.4100
2317.TW,2019-05-14 05:00,1.6400,1.4100,-14.1800
2317.TW,2019-08-13 08:00,1.1700,1.2200,4.1300
2317.TW,2019-11-13 06:00,2.0700,2.1900,5.9000
2317.TW,2020-03-31 06:00,3.3600,3.4100,1.5700
2317.TW,2020-05-15 06:00,0.5100,0.1500,-70.3500
2317.TW,2020-08-12 08:00,1.2300,1.6500,34.3500
2317.TW,2020-11-13 02:00,1.9900,2.2100,11.0100
2317.TW,2021-03-30 18:00,3.7000,3.2800,-11.4000
2317.TW,2021-05-14 18:00,1.7100,2.0200,18.1500
2317.TW,2021-08-12 18:00,1.7400,2.1300,22.4200
2317.TW,2021-11-11 19:00,2.3400,2.6300,12.2800
2317.TW,2022-03-23 17:00,3.1600,3.1300,-0.9600
2317.TW,2022-05-13 18:00,2.1000,2.0800,-1.1200
2317.TW,2022-08-12 07:00,2.2100,2.3600,6.6100
2317.TW,2022-11-10 19:00,2.9900,2.7500,-8.0600
2317.TW,2023-03-16 05:00,2.8800,2.8800,0.0800
2317.TW,2023-05-15 05:00,2.1200,0.9100,-57.0800
2317.TW,2023-08-14 06:00,1.9800,2.3500,18.7800
2317.TW,2023-11-14 05:00,2.5000,3.1100,24.5500
2317.TW,2024-03-15 07:00,3.2400,3.7000,14.3500
2317.TW,2024-05-14 09:00,2.1100,1.5900,-24.7000
2317.TW,2024-08-14 07:00,2.4700,2.5000,1.1600
2317.TW,2024-11-14 04:00,3.3600,3.5500,5.6000
2317.TW,2025-03-14 06:00,3.8600,3.2300,-16.3100
2317.TW,2025-05-14 05:00,2.6600,3.0300,13.7000
2317.TW,2025-08-14 04:00,2.6900,3.1600,17.4800
2317.TW,2025-11-14 02:00,3.5000,4.1500,18.5100
2317.TW,2026-03-16 06:00,4.4200,3.2100,-27.3000
2317.TW,2026-05-13 20:00,3.5100,3.5600,1.4600
2317.TW,2026-08-12 07:00,4.0600,4.2400,4.3800
2317.TW,2026-11-12 00:00,5.0000,,
2330.TW,2004-07-28 19:00,0.9100,0.9100,0.5100
2330.TW,2004-10-26 02:00,1.0200,1.0900,7.5200
2330.TW,2005-01-27 02:00,0.8500,0.8700,2.4400
2330.TW,2005-04-26 01:00,0.6400,0.6600,2.2600
2330.TW,2005-07-26 01:00,0.6800,0.7100,3.7700
2330.TW,2005-10-27 01:00,0.9000,0.9500,4.6700
2330.TW,2006-01-26 00:00,1.2600,1.3100,4.0300
2330.TW,2006-04-27 01:00,1.1000,1.2600,15.2800
2330.TW,2006-07-27 01:00,1.2300,1.3000,5.3500
2330.TW,2006-10-26 01:00,1.2200,1.2400,1.7800
2330.TW,2007-01-25 00:00,1.0100,1.0600,5.3000
2330.TW,2007-04-26 01:00,0.7200,0.7200,-0.5600
2330.TW,2007-07-26 01:00,0.9700,0.9600,-1.0400
2330.TW,2007-10-25 01:00,1.1400,1.1400,-0.2500
2330.TW,2008-01-31 01:00,1.2600,1.3000,2.5600
2330.TW,2008-04-29 01:00,1.0100,1.0900,7.3600
2330.TW,2008-07-31 03:00,1.1000,1.1100,0.5600
2330.TW,2008-10-30 01:00,1.1900,1.1600,-2.1100
2330.TW,2009-01-22 00:00,0.4400,0.4800,7.7900
2330.TW,2009-04-30 03:00,-0.0100,0.0600,999.5500
2330.TW,2009-08-20 03:00,0.6200,0.9400,51.3200
2330.TW,2009-10-29 20:00,1.1800,1.1800,-0.3300
2330.TW,2010-02-07 20:00,1.2100,1.2600,4.0200
2330.TW,2010-04-27 04:00,1.1900,1.3000,8.9200
2330.TW,2010-07-29 01:00,1.4200,1.5500,9.5400
2330.TW,2010-10-28 06:00,1.5300,1.8100,18.0300
2330.TW,2011-01-27 06:00,1.5300,1.5700,2.4400
2330.TW,2011-04-28 02:00,1.3600,1.4000,3.0300
2330.TW,2011-07-28 02:00,1.4300,1.3900,-2.4800
2330.TW,2011-10-27 02:00,1.1800,1.1700,-0.6100
2330.TW,2012-01-18 01:00,1.1800,1.2200,3.0600
2330.TW,2012-04-26 01:00,1.1500,1.2900,12.0000
2330.TW,2012-07-19 02:00,1.6300,1.6100,-0.9700
2330.TW,2012-10-25 02:00,1.7900,1.9000,6.0200
2330.TW,2013-01-17 01:00,1.6200,1.6100,-0.7700
2330.TW,2013-04-18 01:00,1.4800,1.5300,3.5700
2330.TW,2013-07-18 01:00,1.9000,2.0000,5.3400
2330.TW,2013-10-17 02:00,1.9900,2.0000,0.3200
2330.TW,2014-01-16 00:00,1.6200,1.7300,7.0400
2330.TW,2014-04-17 01:00,1.7600,1.8500,5.1300
2330.TW,2014-07-16 01:00,2.1600,2.3000,6.2500
2330.TW,2014-10-16 01:00,2.8100,2.9400,4.4900
2330.TW,2015-01-15 00:00,3.0000,3.0800,2.7100
2330.TW,2015-04-16 01:00,3.0100,3.0500,1.3200
2330.TW,2015-07-16 01:00,2.7500,3.0600,11.1000
2330.TW,2015-10-15 02:00,2.8600,2.9100,1.9100
2330.TW,2016-01-14 00:00,2.6400,2.8100,6.5000
2330.TW,2016-04-13 23:00,2.4900,2.5000,0.3500
2330.TW,2016-07-14 01:00,2.6600,2.8000,5.4100
2330.TW,2016-10-13 01:00,3.6900,3.7300,1.0300
2330.TW,2017-01-12 01:00,3.7200,3.8600,3.8700
2330.TW,2017-04-13 01:00,3.3800,3.3800,0.1100
2330.TW,2017-07-13 01:00,2.6200,2.5600,-2.4500
2330.TW,2017-10-19 01:00,3.4000,3.4700,2.2000
2330.TW,2018-01-18 00:00,3.7500,3.8300,2.1400
2330.TW,2018-04-19 01:00,3.4800,3.4600,-0.5100
2330.TW,2018-07-19 01:00,2.7500,2.7900,1.3200
2330.TW,2018-10-18 01:00,3.4200,3.4400,0.6900
2330.TW,2019-01-17 00:00,3.8200,3.8600,0.9600
2330.TW,2019-04-18 01:00,2.4400,2.3700,-2.8000
2330.TW,2019-07-18 06:00,2.5600,2.5700,0.4200
2330.TW,2019-10-17 07:00,3.7100,3.9000,5.1000
2330.TW,2020-01-16 06:00,4.3300,4.4700,3.3100
2330.TW,2020-04-16 07:00,4.1700,4.5100,8.1400
2330.TW,2020-07-16 06:00,4.2600,4.6600,9.3900
2330.TW,2020-10-14 23:00,4.8400,5.3000,9.5300
2330.TW,2021-01-14 07:00,5.2900,5.5100,4.2300
2330.TW,2021-04-15 06:00,5.2600,5.3900,2.5700
2330.TW,2021-07-15 06:00,5.2400,5.1800,-1.2300
2330.TW,2021-10-14 02:00,5.7800,6.0300,4.3600
2330.TW,2022-01-13 06:00,6.2300,6.4100,2.9600
2330.TW,2022-04-14 02:00,7.1700,7.8200,9.1100
2330.TW,2022-07-13 22:00,8.5200,9.1400,7.2800
2330.TW,2022-10-13 07:00,10.3800,10.8300,4.2900
2330.TW,2023-01-12 01:00,11.1200,11.4100,2.5700
2330.TW,2023-04-20 01:00,7.4200,7.9800,7.6000
2330.TW,2023-07-20 01:00,6.6700,7.0100,5.1100
2330.TW,2023-10-19 06:00,7.3300,8.1400,11.0100
2330.TW,2024-01-18 06:00,8.6400,9.2100,6.6200
2330.TW,2024-04-18 01:00,8.3000,8.7000,4.8400
2330.TW,2024-07-18 01:00,9.0800,9.5600,5.3000
2330.TW,2024-10-17 01:00,11.5200,12.5400,8.8700
2330.TW,2025-01-16 00:00,14.3500,14.4500,0.7300
2330.TW,2025-04-17 01:00,13.6200,13.9400,2.3600
2330.TW,2025-07-17 02:00,14.5000,15.3600,5.9100
2330.TW,2025-10-15 20:00,15.8100,17.4400,10.3300
2330.TW,2026-01-15 01:00,18.1500,19.5000,7.4400
2330.TW,2026-04-15 20:00,20.9600,22.0800,5.3300
2330.TW,2026-07-16 01:00,24.2300,27.2500,12.4800
2330.TW,2026-10-15 01:00,28.1900,,
2412.TW,2005-01-13 06:00,1.1900,1.3300,12.2000
2412.TW,2005-04-11 02:00,1.6300,1.4600,-10.4600
2412.TW,2005-08-31 05:00,1.5600,1.6100,3.0900
2412.TW,2005-10-11 03:00,1.5300,1.7300,13.5000
2412.TW,2006-01-25 01:00,1.5000,1.3800,-8.0500
2412.TW,2006-07-10 02:00,1.5400,1.5000,-2.3500
2412.TW,2006-10-27 04:00,1.6500,1.5300,-6.8300
2412.TW,2007-01-23 05:00,1.5000,1.3700,-8.2700
2412.TW,2007-04-09 17:00,1.4800,1.5500,4.6500
2412.TW,2007-07-10 01:00,1.4400,1.6000,10.5500
2412.TW,2007-10-09 05:00,1.4900,1.6900,13.2400
2412.TW,2008-01-25 01:00,1.0900,1.2500,14.0900
2412.TW,2008-04-30 07:00,1.0900,1.3900,27.2700
2412.TW,2008-08-28 19:00,1.6800,1.6200,-3.6700
2412.TW,2008-10-09 02:00,1.9500,1.2600,-35.5200
2412.TW,2009-03-30 02:00,1.4200,1.0900,-23.2200
2412.TW,2009-04-10 03:00,1.5900,1.3900,-12.5300
2412.TW,2009-08-27 01:00,1.5600,1.4700,-5.3000
2412.TW,2009-10-30 02:00,1.3700,1.5400,12.7500
2412.TW,2010-03-30 02:00,1.2200,1.3600,11.5500
2412.TW,2010-04-30 09:00,1.4400,1.5500,7.5500
2412.TW,2010-08-11 19:00,1.5400,1.2900,-16.2800
2412.TW,2010-10-27 10:00,1.5100,1.5400,2.0700
2412.TW,2011-02-24 00:00,1.4000,1.1100,-20.5200
2412.TW,2011-04-11 04:00,1.4300,1.5000,4.9000
2412.TW,2011-08-26 02:00,1.5900,1.7000,7.2500
2412.TW,2011-10-28 02:00,1.6200,1.5400,-4.8300
2412.TW,2012-02-22 18:00,1.3900,1.2900,-7.4000
2412.TW,2012-04-27 19:00,1.2900,1.2200,-5.0600
2412.TW,2012-08-30 04:00,1.6100,1.4500,-9.9400
2412.TW,2012-10-26 04:00,1.3900,1.3100,-5.7400
2412.TW,2013-03-26 15:00,1.2500,1.1500,-8.1200
2412.TW,2013-05-02 06:00,1.1700,1.1800,0.5700
2412.TW,2013-08-14 01:00,1.3200,1.3700,3.6400
2412.TW,2013-11-01 04:00,1.3200,1.3700,3.7600
2412.TW,2014-01-29 00:00,1.2500,1.2100,-3.2100
2412.TW,2014-04-30 03:00,1.2100,1.3200,9.5300
2412.TW,2014-07-30 03:00,1.3100,1.3700,4.5800
2412.TW,2014-10-29 03:00,1.1700,1.2500,6.7200
2412.TW,2015-02-13 05:00,1.0300,1.0000,-3.0100
2412.TW,2015-05-12 07:00,1.2500,1.3400,6.8300
2412.TW,2015-08-12 04:00,1.3300,1.4300,7.3900
2412.TW,2015-10-29 03:00,1.3500,1.5100,12.1000
2412.TW,2016-03-12 02:00,1.0900,1.2100,11.0600
2412.TW,2016-04-11 01:00,1.3500,1.5000,11.2800
2412.TW,2016-07-07 07:00,1.4700,1.4300,-2.8900
2412.TW,2016-10-07 04:00,1.4800,1.2300,-16.6300
2412.TW,2017-01-10 04:00,1.2000,1.0000,-16.8800
2412.TW,2017-05-09 02:00,1.3700,1.2300,-10.2200
2412.TW,2017-07-10 05:00,1.2300,1.3500,9.7500
2412.TW,2017-10-11 21:00,1.2100,1.3100,8.1300
2412.TW,2018-01-31 02:00,1.1600,1.1100,-4.4500
2412.TW,2018-04-27 04:00,1.3100,1.1200,-14.3400
2412.TW,2018-07-30 04:00,1.3100,1.2700,-2.6800
2412.TW,2018-10-10 20:00,1.2200,1.1000,-10.0800
2412.TW,2019-01-30 02:00,1.1300,1.0900,-3.1100
2412.TW,2019-04-29 03:00,1.0500,1.0800,3.0500
2412.TW,2019-07-31 04:00,1.1700,1.1000,-5.7100
2412.TW,2019-10-30 03:00,1.1000,1.0400,-5.4500
2412.TW,2020-01-22 03:00,1.0600,1.0100,-4.5400
2412.TW,2020-04-30 05:00,1.0200,1.0700,4.4600
2412.TW,2020-07-30 04:00,1.0400,1.1000,5.7700
2412.TW,2020-10-30 04:00,1.0000,1.0700,6.5400
2412.TW,2021-02-04 04:00,1.2800,1.0600,-17.0800
2412.TW,2021-05-04 02:00,1.0500,1.1300,7.8800
2412.TW,2021-07-30 04:00,0.9000,1.1600,29.0100
2412.TW,2021-11-01 05:00,0.8900,1.2100,36.1800
2412.TW,2022-01-26 04:00,2.2600,1.1100,-50.8400
2412.TW,2022-05-06 06:00,1.2100,1.1700,-3.4900
2412.TW,2022-08-05 08:00,1.1900,1.2400,4.4900
2412.TW,2022-11-01 05:00,1.1800,1.2000,1.8800
2412.TW,2023-02-02 03:00,1.1600,1.0800,-6.7700
2412.TW,2023-05-11 03:00,1.2100,1.2400,2.2000
2412.TW,2023-08-08 07:00,1.2300,1.2800,4.0700
2412.TW,2023-10-14 20:00,1.1800,1.1800,
2412.TW,2024-01-10 06:00,1.1700,1.0600,-9.0100
2412.TW,2024-05-02 05:00,1.2900,1.2100,-5.8400
2412.TW,2024-07-08 20:00,1.2800,1.2700,-0.5200
2412.TW,2024-11-06 03:00,1.1900,1.1600,-2.2500
2412.TW,2025-01-23 03:00,1.1800,1.1600,-1.6900
2412.TW,2025-04-10 08:00,1.2600,1.2600,
2412.TW,2025-08-05 03:00,1.2800,1.3100,2.0000
2412.TW,2025-11-05 19:00,1.2300,1.2200,-1.0500
2412.TW,2026-02-03 03:00,1.1900,1.2000,1.0800
2412.TW,2026-05-07 04:00,1.3000,1.3000,-0.1900
2412.TW,2026-08-04 22:00,1.3500,1.3800,2.4900
2412.TW,2026-11-05 00:00,1.3100,,
2454.TW,2004-08-03 01:00,3.2500,3.9400,21.2400
2454.TW,2004-10-26 00:00,4.3000,4.2800,-0.2700
2454.TW,2005-01-31 03:00,3.1600,2.7200,-14.0900
2454.TW,2005-04-29 01:00,2.6600,2.8900,8.3400
2454.TW,2005-08-03 01:00,3.1500,4.2400,34.6400
2454.TW,2005-10-30 20:00,5.0700,6.0100,18.5500
2454.TW,2006-02-14 00:00,6.5400,5.2900,-19.1700
2454.TW,2006-04-25 02:00,4.6100,5.1300,11.4300
2454.TW,2006-08-03 01:00,4.8700,5.1600,5.9900
2454.TW,2006-10-30 19:00,5.8100,5.2300,-9.9700
2454.TW,2007-01-29 00:00,6.8100,6.5500,-3.8700
2454.TW,2007-04-27 07:00,6.2600,7.6500,22.3600
2454.TW,2007-08-02 01:00,7.0100,7.2800,3.8000
2454.TW,2007-10-30 07:00,9.8900,10.2800,3.9400
2454.TW,2008-01-30 00:00,7.7900,6.0400,-22.4300
2454.TW,2008-04-30 02:00,3.7400,3.8500,2.9300
2454.TW,2008-07-30 05:00,4.7700,4.9100,2.9100
2454.TW,2008-10-30 01:00,6.3800,6.6100,3.5300
2454.TW,2009-02-05 20:00,3.8600,2.6900,-30.2300
2454.TW,2009-04-29 02:00,5.1800,6.5400,26.3700
2454.TW,2009-08-04 01:00,7.3000,8.3500,14.4700
2454.TW,2009-11-01 21:00,10.2100,10.7000,4.7800
2454.TW,2010-04-30 11:00,8.6500,7.7900,-9.8600
2454.TW,2010-04-30 19:00,8.9500,10.2700,14.7100
2454.TW,2010-07-30 19:00,9.2100,8.3400,-9.4800
2454.TW,2010-10-15 19:00,7.7400,5.7900,-25.2300
2454.TW,2011-01-31 18:00,5.3700,3.5200,-34.4600
2454.TW,2011-04-29 03:00,2.8200,3.0300,7.4800
2454.TW,2011-07-27 05:00,3.2100,3.0500,-5.1100
2454.TW,2011-10-31 11:00,3.5300,3.7200,5.3100
2454.TW,2012-02-03 18:00,2.9500,2.6400,-10.5900
2454.TW,2012-04-27 01:00,2.1200,2.1900,3.1100
2454.TW,2012-07-31 01:00,2.7200,2.9500,8.5000
2454.TW,2013-02-04 00:00,3.5300,3.7000,4.9100
2454.TW,2013-05-06 21:00,2.9400,2.7900,-5.2100
2454.TW,2013-08-02 03:00,4.8600,5.0100,3.1500
2454.TW,2013-11-01 03:00,6.0900,6.2800,3.1700
2454.TW,2014-01-27 15:00,6.1200,6.4300,4.9900
2454.TW,2014-04-30 16:00,6.4300,6.8200,6.0800
2454.TW,2014-07-31 07:00,7.8600,8.0300,2.2200
2454.TW,2014-11-06 01:00,8.4300,8.5100,0.9600
2454.TW,2015-03-31 11:00,7.7700,6.6000,-15.1000
2454.TW,2015-05-15 10:00,4.9300,4.6100,-6.5100
2454.TW,2015-07-31 02:00,4.4500,4.0600,-8.7800
2454.TW,2015-10-30 03:00,4.9800,5.0900,2.2400
2454.TW,2016-02-01 01:00,3.6400,2.8300,-22.2300
2454.TW,2016-04-28 21:00,3.1000,2.7900,-9.8600
2454.TW,2016-08-03 19:00,4.1300,4.1600,0.7300
2454.TW,2016-11-14 15:00,5.0300,4.9800,-1.0200
2454.TW,2017-01-26 18:00,3.1200,3.2300,3.3900
2454.TW,2017-04-29 10:00,3.4800,4.2900,23.3300
2454.TW,2017-07-30 20:00,1.5500,1.5100,-2.3600
2454.TW,2017-10-31 06:00,2.7200,3.2600,19.8100
2454.TW,2018-01-30 19:00,4.9100,6.5000,32.3600
2454.TW,2018-04-27 08:00,1.1900,1.6900,41.9100
2454.TW,2018-07-31 08:00,4.9100,4.7500,-3.2300
2454.TW,2018-10-31 06:00,3.7000,4.3900,18.5300
2454.TW,2019-01-29 19:00,3.1000,2.4200,-21.9200
2454.TW,2019-04-30 08:00,2.0900,2.1700,3.8300
2454.TW,2019-07-31 08:00,3.5000,4.1100,17.2800
2454.TW,2019-10-30 08:00,4.6900,4.3800,-6.5700
2454.TW,2020-02-07 06:00,4.0700,4.0300,-1.0000
2454.TW,2020-04-28 06:00,3.0900,3.6400,17.8500
2454.TW,2020-07-31 04:00,4.4100,4.5800,3.8700
2454.TW,2020-10-29 20:00,8.0200,8.4200,5.0500
2454.TW,2021-01-27 03:00,8.1600,9.3500,14.5800
2454.TW,2021-04-27 20:00,11.4800,16.2100,41.2400
2454.TW,2021-07-26 20:00,14.9000,17.4400,17.0200
2454.TW,2021-10-26 10:00,16.7600,17.9200,6.9000
2454.TW,2022-01-27 14:00,15.9100,18.9900,19.3300
2454.TW,2022-04-27 06:00,19.1800,21.0200,9.5900
2454.TW,2022-07-28 20:00,20.9900,22.3900,6.6500
2454.TW,2022-10-28 19:00,18.7400,19.5400,4.2500
2454.TW,2023-02-04 06:00,11.5300,11.6600,1.1700
2454.TW,2023-04-29 08:00,8.8100,10.6400,20.7400
2454.TW,2023-07-27 20:00,8.6400,10.0700,16.6000
2454.TW,2023-10-26 20:00,10.5900,11.6400,9.9000
2454.TW,2024-01-30 19:00,13.3000,16.1500,21.4700
2454.TW,2024-04-25 20:00,14.9500,19.8500,32.8100
2454.TW,2024-07-31 04:00,13.7700,16.1900,17.5400
2454.TW,2024-10-30 05:00,14.3700,15.9400,10.9100
2454.TW,2025-02-06 22:00,14.4100,14.9500,3.7600
2454.TW,2025-04-29 20:00,17.4900,18.4300,5.4000
2454.TW,2025-07-29 20:00,17.3800,17.5000,0.7000
2454.TW,2025-10-31 08:00,15.1100,15.8400,4.8300
2454.TW,2026-02-04 19:00,15.1400,14.3900,-4.9800
2454.TW,2026-04-30 04:00,14.2900,15.1700,6.1300
2454.TW,2026-07-30 20:00,14.4300,15.2800,5.9100
2454.TW,2026-10-30 01:00,15.4300,,
2881.TW,2004-10-08 04:00,0.3500,0.4300,22.4500
2881.TW,2005-01-10 05:00,0.3400,0.0900,-73.0800
2881.TW,2005-08-09 07:00,0.3400,0.2300,-31.3700
2881.TW,2006-07-10 04:00,0.2400,0.2800,16.6600
2881.TW,2006-10-26 03:00,0.2200,0.1500,-31.6800
2881.TW,2007-01-10 03:00,0.2900,0.2600,-11.3600
2881.TW,2007-07-10 02:00,0.2600,0.4500,68.5000
2881.TW,2007-10-09 04:00,0.3300,0.5200,58.5900
2881.TW,2008-04-10 02:00,-0.0700,0.2800,519.8900
2881.TW,2008-07-08 05:00,0.3000,0.3200,7.6400
2881.TW,2008-10-08 06:00,0.3700,0.2400,-35.7700
2881.TW,2009-03-24 21:00,0.2400,0.0600,-75.0000
2881.TW,2009-04-10 05:00,0.2400,0.1900,-21.5000
2881.TW,2009-04-29 20:00,0.3400,0.0300,-90.3800
2881.TW,2009-08-30 21:00,0.2300,0.3100,32.7900
2881.TW,2009-11-12 21:00,0.5200,0.7000,34.8000
2881.TW,2010-03-09 20:00,0.3900,0.4100,5.1400
2881.TW,2010-04-16 00:00,0.5200,0.4800,-7.6900
2881.TW,2010-08-12 05:00,0.4300,0.4000,-5.6500
2881.TW,2010-11-04 05:00,0.6100,0.7300,20.6000
2881.TW,2011-05-16 13:00,0.4600,0.8300,78.4200
2881.TW,2011-06-10 07:00,0.3100,-0.0100,-104.5100
2881.TW,2011-07-11 03:00,0.5000,0.7600,52.9900
2881.TW,2011-10-07 18:00,1.4100,0.9100,-35.2800
2881.TW,2012-04-02 15:00,0.2600,-0.0100,-103.3700
2881.TW,2012-06-01 05:00,0.3600,0.5500,52.0000
2881.TW,2012-08-31 09:00,0.5100,0.2900,-42.8300
2881.TW,2012-11-05 20:00,0.7500,0.6600,-11.7000
2881.TW,2013-03-08 18:00,0.5100,0.5000,-2.6500
2881.TW,2013-05-20 11:00,0.5700,0.8100,43.2400
2881.TW,2013-08-08 18:00,0.5900,0.6200,5.8000
2881.TW,2013-11-19 15:00,0.6500,0.6700,4.1400
2881.TW,2014-03-21 20:00,0.4900,0.4400,-11.2700
2881.TW,2014-05-15 09:00,0.7400,1.0300,39.4300
2881.TW,2014-08-21 22:00,0.6400,1.0100,59.0400
2881.TW,2014-11-27 09:00,0.8400,1.8800,124.5200
2881.TW,2015-03-29 21:00,0.4700,0.5800,25.2000
2881.TW,2015-05-29 02:00,1.2400,1.5000,21.3500
2881.TW,2015-08-31 02:00,1.2800,1.6500,28.3600
2881.TW,2015-11-27 01:00,1.2400,1.2000,-3.2500
2881.TW,2016-03-30 20:00,0.3900,0.4100,3.2900
2881.TW,2016-05-11 03:00,0.7300,0.6600,-10.1800
2881.TW,2016-08-29 05:00,0.8500,1.1200,31.2500
2881.TW,2016-11-23 14:00,1.4100,1.2400,-12.0500
2881.TW,2017-03-24 09:00,0.5900,0.6100,2.5900
2881.TW,2017-05-14 20:00,0.9000,0.7400,-17.4500
2881.TW,2017-08-24 20:00,1.0800,0.5800,-45.9700
2881.TW,2017-11-29 02:00,1.3000,1.9200,47.3500
2881.TW,2018-03-22 23:00,0.6500,0.7400,12.9400
2881.TW,2018-05-13 20:00,1.2600,1.2300,-2.4200
2881.TW,2018-08-29 02:00,1.1200,1.0000,-10.9600
2881.TW,2018-11-25 21:00,1.5000,1.4300,-4.7400
2881.TW,2019-03-21 20:00,0.3900,-0.1900,-149.0200
2881.TW,2019-05-29 23:00,0.7600,0.9300,22.9200
2881.TW,2019-08-22 20:00,0.7900,1.1300,43.0000
2881.TW,2019-11-22 00:00,1.3700,1.7500,28.5100
2881.TW,2020-03-30 21:00,0.4300,0.3600,-16.0700
2881.TW,2020-05-14 03:00,1.1400,1.7200,51.1000
2881.TW,2020-08-21 02:00,0.8300,0.8600,3.4600
2881.TW,2020-11-26 11:00,1.9300,2.3100,19.9600
2881.TW,2021-03-31 18:00,0.5600,1.6500,196.9100
2881.TW,2021-05-19 20:00,2.0700,3.7800,83.1300
2881.TW,2021-08-19 20:00,1.5600,2.5600,64.5300
2881.TW,2021-11-25 21:00,2.6000,3.1900,22.6900
2881.TW,2022-03-28 16:00,0.8900,0.9900,10.3800
2881.TW,2022-05-26 20:00,1.6900,3.3200,96.0200
2881.TW,2022-08-29 22:00,2.5100,1.4200,-43.1900
2881.TW,2022-11-27 22:00,2.0700,1.0200,-50.9400
2881.TW,2023-03-15 22:00,-2.3300,-2.6300,-12.9300
2881.TW,2023-05-18 07:00,1.8000,1.0000,-44.3400
2881.TW,2023-08-29 21:00,1.6100,1.8100,12.3300
2881.TW,2023-11-23 21:00,1.9900,1.7700,-10.7500
2881.TW,2024-03-15 00:00,0.6500,-0.1300,-120.0900
2881.TW,2024-06-26 05:00,1.9700,2.1700,10.3800
2881.TW,2024-08-29 04:00,1.6100,3.3700,109.8300
2881.TW,2024-11-26 04:00,2.8000,2.5800,-7.9100
2881.TW,2025-03-16 23:00,1.2100,2.1100,74.1900
2881.TW,2025-05-29 04:00,2.4000,2.9300,21.9500
2881.TW,2025-08-22 02:00,0.3200,0.6100,90.9100
2881.TW,2025-11-24 02:00,2.1700,2.6000,20.0400
2881.TW,2026-03-15 22:00,1.4400,2.1400,49.1300
2881.TW,2026-05-24 20:00,2.8700,4.7400,65.1600
2881.TW,2026-08-28 02:00,4.1900,8.7200,108.0600
2881.TW,2026-11-26 00:00,2.4400,,
2882.TW,2004-10-08 05:00,0.4000,0.5300,32.0900
2882.TW,2005-01-10 05:00,0.4200,0.3900,-7.2900
2882.TW,2005-04-12 02:00,0.7100,0.4500,-36.3000
2882.TW,2005-07-08 05:00,0.7100,0.4900,-31.2900
2882.TW,2006-07-06 00:00,0.3900,0.6800,72.5000
2882.TW,2006-10-11 05:00,0.6800,0.3100,-54.5500
2882.TW,2007-01-09 23:00,0.3200,-0.2000,-163.1200
2882.TW,2007-04-10 04:00,0.3800,0.8200,117.9900
2882.TW,2007-07-10 02:00,0.5700,0.8800,54.3700
2882.TW,2007-10-09 01:00,0.6000,1.0100,68.8800
2882.TW,2008-01-10 01:00,0.6200,-0.1600,-125.6200
2882.TW,2008-04-10 02:00,0.1900,-0.4900,-354.8700
2882.TW,2008-07-10 03:00,0.5700,0.3000,-47.0500
2882.TW,2008-10-08 04:00,0.7300,0.4900,-33.0100
2882.TW,2009-01-12 01:00,0.3500,-0.1500,-143.1800
2882.TW,2009-04-14 20:00,-0.5200,0.3000,158.1900
2882.TW,2009-08-31 02:00,0.3500,0.0400,-89.6600
2882.TW,2009-11-13 00:00,0.2500,0.1900,-23.4600
2882.TW,2010-05-03 12:00,0.1700,-0.1100,-163.6400
2882.TW,2010-08-23 19:00,0.3900,0.0300,-91.4000
2882.TW,2011-01-07 15:00,0.4800,0.4300,-10.2000
2882.TW,2011-05-04 02:00,0.2900,0.1600,-45.5500
2882.TW,2011-08-31 10:00,0.2500,0.4000,62.6500
2882.TW,2011-11-13 20:00,0.5200,0.4100,-22.1100
2882.TW,2012-03-30 15:00,0.3300,-0.0200,-106.0400
2882.TW,2012-05-07 19:00,0.1500,0.1000,-34.6000
2882.TW,2012-08-31 15:00,0.3500,0.2100,-39.7100
2882.TW,2012-11-14 14:00,0.5300,0.3500,-33.5500
2882.TW,2013-05-03 20:00,0.5400,0.5800,7.3900
2882.TW,2013-09-02 03:00,0.5600,0.6300,13.8000
2882.TW,2013-10-31 20:00,0.7700,0.9800,27.7700
2882.TW,2014-03-18 22:00,0.5100,0.1700,-66.1200
2882.TW,2014-05-07 02:00,0.8800,0.9800,11.2300
2882.TW,2014-08-29 19:00,0.6100,1.4500,137.7700
2882.TW,2014-11-28 01:00,1.0000,1.1200,12.5400
2882.TW,2015-03-30 21:00,0.5700,0.3900,-31.9900
2882.TW,2015-05-31 22:00,0.7500,1.4300,91.3900
2882.TW,2015-08-24 23:00,0.9600,1.8300,91.2900
2882.TW,2015-11-08 19:00,1.1200,1.0700,-4.1800
2882.TW,2016-03-22 19:00,0.2700,0.2500,-7.4100
2882.TW,2016-05-03 08:00,0.8900,0.6500,-26.9700
2882.TW,2016-08-23 19:00,0.8900,0.4600,-48.5000
2882.TW,2016-11-15 19:00,1.4500,1.9700,36.2900
2882.TW,2017-03-20 19:00,0.6700,0.7100,6.5500
2882.TW,2017-05-15 20:00,0.9300,0.8500,-8.6000
2882.TW,2017-08-31 02:00,1.1600,1.2400,6.9000
2882.TW,2017-10-10 00:00,1.0700,1.7300,61.6800
2882.TW,2018-03-22 20:00,0.7300,0.6600,-8.9700
2882.TW,2018-05-14 22:00,1.3200,1.8400,39.9200
2882.TW,2018-08-23 04:00,1.1200,0.8700,-22.3200
2882.TW,2018-11-14 16:00,1.4600,1.4700,0.5500
2882.TW,2019-03-25 18:00,0.4800,-0.2300,-147.5900
2882.TW,2019-05-21 02:00,0.8900,1.0500,18.6400
2882.TW,2019-08-21 17:00,1.0700,1.4000,30.6000
2882.TW,2019-11-17 15:00,1.3800,1.4100,2.5500
2882.TW,2020-03-16 17:00,0.5700,0.9000,56.5200
2882.TW,2020-05-19 17:00,1.5300,1.7700,16.0700
2882.TW,2020-08-25 18:00,1.2500,0.4100,-67.2900
2882.TW,2020-11-15 16:00,1.5500,2.3700,53.1000
2882.TW,2021-03-22 16:00,0.7000,0.8600,23.7400
2882.TW,2021-05-17 16:00,3.0900,4.3600,41.2100
2882.TW,2021-08-25 16:00,1.9200,2.3000,19.7900
2882.TW,2021-11-15 19:00,1.9600,2.3200,18.6700
2882.TW,2022-03-22 16:00,1.5100,1.3600,-9.9300
2882.TW,2022-05-23 16:00,2.3400,2.6000,11.1100
2882.TW,2022-08-31 03:00,2.3800,0.8500,-64.2900
2882.TW,2022-11-20 19:00,1.3600,0.3800,-72.0600
2882.TW,2023-03-15 20:00,0.0800,-1.2500,-1615.1500
2882.TW,2023-05-25 20:00,1.7800,0.4800,-73.0800
2882.TW,2023-08-25 16:00,1.6400,1.5000,-8.5400
2882.TW,2023-11-24 16:00,1.5300,1.8300,19.6100
2882.TW,2024-03-14 22:00,0.5700,-0.5700,-200.4400
2882.TW,2024-05-23 22:00,1.8400,2.6000,41.1100
2882.TW,2024-08-23 04:00,1.8200,2.0600,13.0300
2882.TW,2024-11-26 20:00,2.0100,2.1200,5.6000
2882.TW,2025-03-13 22:00,0.8400,0.5100,-39.2900
2882.TW,2025-05-22 21:00,2.1700,2.1800,0.4600
2882.TW,2025-08-20 15:00,0.6800,0.7100,4.4100
2882.TW,2025-11-27 22:00,1.6500,1.9500,18.4200
2882.TW,2026-03-16 04:00,1.4600,2.2200,52.0500
2882.TW,2026-05-28 22:00,2.3100,3.3100,43.6000
2882.TW,2026-08-27 20:00,2.3800,2.8000,17.6500
2882.TW,2026-12-04 00:00,2.3900,,
2891.TW,2005-04-29 01:00,0.4100,0.3300,-20.2300
2891.TW,2005-07-11 07:00,0.3200,0.3700,18.2300
2891.TW,2005-10-31 04:00,0.3700,0.3000,-19.0600
2891.TW,2006-01-10 06:00,0.2500,0.1400,-46.0000
2891.TW,2006-04-10 20:00,0.3000,0.0300,-89.9400
2891.TW,2006-07-10 21:00,0.1200,-0.2400,-298.1200
2891.TW,2006-10-25 02:00,0.0600,-0.0200,-127.3600
2891.TW,2007-01-11 01:00,0.1300,-0.5800,-535.8500
2891.TW,2007-04-09 19:00,0.0400,0.1600,250.6900
2891.TW,2007-07-06 06:00,0.1400,0.3600,155.2200
2891.TW,2007-10-09 07:00,0.2400,0.3000,21.8000
2891.TW,2008-01-09 04:00,0.2500,0.0100,-95.6000
2891.TW,2008-10-09 06:00,0.2200,0.2700,21.2200
2891.TW,2009-04-08 06:00,0.1700,0.2100,22.8300
2891.TW,2009-04-29 20:00,0.1400,0.0800,-43.9300
2891.TW,2009-08-30 21:00,0.1700,-0.2000,-218.0900
2891.TW,2009-11-02 10:00,0.1000,0.0100,-87.1800
2891.TW,2010-04-09 19:00,0.0900,0.2400,171.4200
2891.TW,2010-05-04 01:00,0.0700,0.0900,16.6600
2891.TW,2010-08-11 19:00,0.2100,0.2400,10.6100
2891.TW,2010-10-15 19:00,0.2200,0.1900,-15.4800
2891.TW,2011-02-23 18:00,0.1900,0.1900,3.4000
2891.TW,2011-04-26 06:00,0.2600,0.3100,18.0900
2891.TW,2011-07-11 03:00,0.2800,0.4000,40.2000
2891.TW,2011-11-13 21:00,0.2800,0.1600,-44.4400
2891.TW,2012-03-30 11:00,0.1800,0.1900,7.1100
2891.TW,2012-04-09 00:00,0.2900,0.3300,12.1900
2891.TW,2012-08-09 00:00,0.3000,0.5000,66.6600
2891.TW,2012-10-31 19:00,0.3300,0.4000,23.0000
2891.TW,2013-03-04 18:00,0.2200,0.3400,57.0900
2891.TW,2013-05-14 17:00,0.2800,0.4000,42.9500
2891.TW,2013-08-14 00:00,0.3200,0.3900,21.9500
2891.TW,2013-11-27 05:00,0.2900,0.2800,-2.1800
2891.TW,2014-03-04 05:00,0.2000,0.1700,-12.5000
2891.TW,2014-05-07 19:00,0.3900,0.4400,13.5700
2891.TW,2014-08-06 02:00,0.6200,0.3300,-46.9400
2891.TW,2014-11-10 19:00,0.4100,0.5000,21.7700
2891.TW,2015-03-11 19:00,0.2400,0.1200,-50.8900
2891.TW,2015-05-14 19:00,0.5100,0.5500,8.4600
2891.TW,2015-08-28 06:00,0.4700,0.4200,-10.4100
2891.TW,2015-11-10 18:00,0.4400,0.4400,-2.0800
2891.TW,2016-03-29 08:00,0.3800,0.1800,-52.3800
2891.TW,2016-05-12 08:00,0.3700,0.3300,-10.0000
2891.TW,2016-08-16 15:00,0.4900,0.4000,-18.0900
2891.TW,2016-11-14 02:00,0.4300,0.5000,15.8100
2891.TW,2017-03-13 19:00,0.3100,0.2400,-23.4000
2891.TW,2017-05-08 20:00,0.3800,0.5200,36.8400
2891.TW,2017-08-20 20:00,0.4500,0.4700,5.6200
2891.TW,2017-11-28 03:00,0.6100,0.6000,-0.8300
2891.TW,2018-03-06 19:00,0.3000,0.3200,6.6700
2891.TW,2018-05-10 07:00,0.5200,0.6300,20.6900
2891.TW,2018-08-14 20:00,0.5300,0.5000,-6.3700
2891.TW,2018-11-11 21:00,0.6100,0.4800,-21.8200
2891.TW,2019-03-19 20:00,0.3800,0.2500,-33.8600
2891.TW,2019-05-28 16:00,0.5200,0.5700,9.6200
2891.TW,2019-08-13 09:00,0.5500,0.4400,-20.0000
2891.TW,2019-11-10 19:00,0.5200,0.9100,76.7000
2891.TW,2020-03-13 04:00,0.3300,0.2400,-27.2700
2891.TW,2020-05-11 21:00,0.5800,0.6200,7.3600
2891.TW,2020-08-11 20:00,0.5100,0.3100,-39.2200
2891.TW,2020-11-20 02:00,0.7100,0.8700,22.1900
2891.TW,2021-03-19 05:00,0.3100,0.3500,12.9000
2891.TW,2021-05-19 06:00,0.8300,1.0100,22.2800
2891.TW,2021-08-20 16:00,0.5300,0.7000,31.0900
2891.TW,2021-11-19 06:00,0.6900,0.6100,-11.3400
2891.TW,2022-03-15 16:00,0.4200,0.4000,-5.5100
2891.TW,2022-05-24 04:00,0.8200,0.8400,2.1300
2891.TW,2022-08-19 06:00,0.5600,0.3500,-38.0500
2891.TW,2022-11-17 23:00,0.8300,0.4100,-50.3000
2891.TW,2023-03-15 06:00,0.3900,-0.0500,-112.9900
2891.TW,2023-05-26 04:00,0.6400,0.6600,3.6600
2891.TW,2023-08-25 06:00,0.7800,0.8100,4.2900
2891.TW,2023-11-13 20:00,0.8100,0.9600,19.0100
2891.TW,2024-03-13 20:00,0.5000,0.3900,-21.4800
2891.TW,2024-05-24 05:00,1.0400,1.0200,-1.9200
2891.TW,2024-08-23 05:00,0.7300,0.7800,6.8500
2891.TW,2024-11-22 02:00,1.0700,1.1000,2.4800
2891.TW,2025-03-14 05:00,0.6500,0.6900,5.7500
2891.TW,2025-05-15 20:00,1.1000,1.0200,-7.2700
2891.TW,2025-08-22 05:00,0.3600,0.7600,111.1100
2891.TW,2025-11-21 02:00,1.0100,1.2700,25.7400
2891.TW,2026-03-13 05:00,0.8500,1.0100,19.2900
2891.TW,2026-05-18 20:00,1.1000,1.1800,7.2700
2891.TW,2026-07-14 15:00,1.0000,0.7800,-21.7400
2891.TW,2026-11-20 00:00,1.2200,,
AAPL,2002-04-17 16:00,,,1088.8900
AAPL,2002-07-16 16:00,,,13.4300
AAPL,2002-10-16 16:00,,,-18.1800
AAPL,2003-01-15 16:00,,,1.8900
AAPL,2003-04-16 16:00,,,108.8200
AAPL,2003-07-16 16:00,,,53.4500
AAPL,2003-10-15 16:00,,,17.2100
AAPL,2004-01-14 16:00,,,11.2800
AAPL,2004-04-14 16:00,,,47.0600
AAPL,2004-07-14 06:00,,,23.2800
AAPL,2004-10-13 16:00,,,47.8500
AAPL,2005-01-12 16:00,0.0100,0.0100,42.0500
AAPL,2005-04-13 16:00,0.0100,0.0100,49.8800
AAPL,2005-07-13 16:00,0.0100,0.0100,18.7900
AAPL,2005-10-11 16:00,0.0100,0.0100,3.3500
AAPL,2006-01-18 16:00,0.0200,0.0200,5.8400
AAPL,2006-04-19 16:00,0.0100,0.0200,12.2300
AAPL,2006-07-19 16:00,0.0200,0.0200,23.3400
AAPL,2006-10-18 16:00,0.0200,0.0200,21.1800
AAPL,2007-01-17 16:00,0.0300,0.0400,45.8100
AAPL,2007-04-25 16:00,0.0200,0.0300,36.5100
AAPL,2007-07-25 16:00,0.0300,0.0300,27.7100
AAPL,2007-10-22 16:00,0.0300,0.0400,20.4300
AAPL,2008-01-22 16:00,0.0600,0.0600,8.8700
AAPL,2008-04-23 16:00,0.0400,0.0400,7.9700
AAPL,2008-07-21 16:00,0.0400,0.0400,10.0200
AAPL,2008-10-21 16:00,0.0400,0.0500,13.1200
AAPL,2009-01-21 16:00,0.0500,0.0600,27.6000
AAPL,2009-04-22 16:00,0.0400,0.0500,21.5500
AAPL,2009-07-21 16:00,0.0400,0.0500,15.1400
AAPL,2009-10-19 16:00,0.0500,0.0700,27.3800
AAPL,2010-01-25 16:00,0.0700,0.1300,74.9000
AAPL,2010-04-20 20:00,0.0900,0.1200,36.2900
AAPL,2010-07-20 16:00,0.1100,0.1300,12.9300
AAPL,2010-10-18 16:00,0.1500,0.1700,13.6200
AAPL,2011-01-18 16:00,0.1900,0.2300,19.2100
AAPL,2011-04-20 16:00,0.1900,0.2300,19.5900
AAPL,2011-07-19 16:00,0.2100,0.2800,33.3800
AAPL,2011-10-18 16:00,0.2600,0.2500,-3.1300
AAPL,2012-01-24 16:00,0.3600,0.5000,36.9900
AAPL,2012-04-24 16:00,0.3500,0.4400,23.8000
AAPL,2012-07-24 16:00,0.3700,0.3300,-10.1000
AAPL,2012-10-25 16:00,0.3100,0.3100,-0.8500
AAPL,2013-01-23 16:00,0.4800,0.4900,2.0400
AAPL,2013-04-23 16:00,0.3600,0.3600,0.9300
AAPL,2013-07-23 16:00,0.2600,0.2700,2.5200
AAPL,2013-10-28 16:00,0.2800,0.3000,3.7900
AAPL,2014-01-27 16:00,0.5000,0.5200,3.2200
AAPL,2014-04-23 16:00,0.3600,0.4200,14.2800
AAPL,2014-07-22 16:00,0.3100,0.3200,3.8200
AAPL,2014-10-20 16:00,0.3300,0.3600,8.6200
AAPL,2015-01-27 16:00,0.6500,0.7700,17.3600
AAPL,2015-04-27 16:00,0.5400,0.5800,7.9300
AAPL,2015-07-21 16:00,0.4500,0.4600,1.8900
AAPL,2015-10-27 16:00,0.4700,0.4900,4.6500
AAPL,2016-01-26 16:00,0.8100,0.8200,1.6700
AAPL,2016-04-26 16:00,0.5000,0.4800,-5.0900
AAPL,2016-07-26 16:00,0.3500,0.3600,2.7400
AAPL,2016-10-25 16:00,0.4100,0.4200,0.8100
AAPL,2017-01-31 16:00,0.8100,0.8400,4.2500
AAPL,2017-05-02 16:00,0.5100,0.5300,3.8800
AAPL,2017-08-01 16:00,0.3900,0.4200,6.1500
AAPL,2017-11-02 16:00,0.4700,0.5200,10.5300
AAPL,2018-02-01 16:00,0.9600,0.9700,1.1000
AAPL,2018-05-01 16:00,0.6700,0.6800,2.1900
AAPL,2018-07-31 16:00,0.5400,0.5900,7.3800
AAPL,2018-11-01 16:00,0.7000,0.7300,4.5500
AAPL,2019-01-29 16:00,1.0400,1.0500,0.2700
AAPL,2019-04-30 16:00,0.5900,0.6200,4.0500
AAPL,2019-07-30 16:00,0.5300,0.5500,3.7100
AAPL,2019-10-30 16:00,0.7100,0.7600,6.5400
AAPL,2020-01-28 16:00,1.1300,1.2500,9.9700
AAPL,2020-04-30 17:00,0.5600,0.6400,12.9300
AAPL,2020-07-30 16:00,0.5200,0.6500,24.4700
AAPL,2020-10-29 16:00,0.7000,0.7300,4.4800
AAPL,2021-01-27 16:00,1.4200,1.6800,18.6700
AAPL,2021-04-28 16:00,0.9800,1.4000,42.1600
AAPL,2021-07-27 16:00,1.0100,1.3000,28.1800
AAPL,2021-10-28 16:00,1.2400,1.2400,0.1700
AAPL,2022-01-27 16:00,1.8900,2.1000,11.2000
AAPL,2022-04-28 16:00,1.4300,1.5200,6.4800
AAPL,2022-07-28 16:00,1.1500,1.2000,3.9300
AAPL,2022-10-27 16:00,1.2700,1.2900,1.4400
AAPL,2023-02-02 16:00,1.9500,1.8800,-3.7800
AAPL,2023-05-04 16:00,1.4300,1.5200,6.2800
AAPL,2023-08-03 16:00,1.1900,1.2600,5.6600
AAPL,2023-11-02 16:00,1.3900,1.4600,4.8200
AAPL,2024-02-01 16:00,2.1000,2.1800,3.6600
AAPL,2024-05-02 16:00,1.5100,1.5300,1.4600
AAPL,2024-08-01 16:00,1.3400,1.4000,4.3600
AAPL,2024-10-31 16:00,0.9500,0.9700,2.4800
AAPL,2025-01-30 16:00,2.3500,2.4000,2.2600
AAPL,2025-05-01 16:00,1.6200,1.6500,1.6900
AAPL,2025-07-31 16:00,1.4300,1.5700,9.4800
AAPL,2025-10-30 16:00,1.7700,1.8500,4.5200
AAPL,2026-01-29 16:00,2.6700,2.8400,6.2500
AAPL,2026-04-30 16:00,1.9400,2.0100,3.4600
AAPL,2026-07-30 16:00,1.8900,2.0200,6.7400
AAPL,2026-10-29 16:00,1.9800,,
BRK-B,2010-05-07 17:00,0.7100,0.9300,30.4700
BRK-B,2010-08-06 17:00,1.0100,1.2400,23.1800
BRK-B,2010-11-05 17:00,1.2600,1.1300,-10.4800
BRK-B,2011-02-26 08:00,1.2300,1.2200,-0.4900
BRK-B,2011-05-06 17:00,0.6300,0.6400,3.0400
BRK-B,2011-08-05 17:00,1.2000,1.0900,-8.5100
BRK-B,2011-11-04 17:00,1.2400,1.5400,24.6400
BRK-B,2012-02-26 03:00,1.3300,1.0800,-18.7000
BRK-B,2012-05-04 17:00,1.2900,1.0800,-16.2800
BRK-B,2012-08-03 17:00,1.2700,1.5000,17.7300
BRK-B,2012-11-02 17:00,1.4700,1.3700,-6.4000
BRK-B,2013-03-01 16:00,1.2900,1.1400,-11.6000
BRK-B,2013-05-03 17:00,1.2500,1.5300,22.7800
BRK-B,2013-08-02 17:00,1.4400,1.5900,10.3500
BRK-B,2013-11-01 17:00,1.5900,1.4900,-6.2900
BRK-B,2014-03-01 08:00,1.4000,1.5300,9.3800
BRK-B,2014-05-02 17:00,1.4500,1.4300,-1.1900
BRK-B,2014-08-01 17:00,1.7500,1.7600,0.3400
BRK-B,2014-11-07 17:00,1.7000,1.9200,12.7800
BRK-B,2015-02-28 12:00,1.8500,1.6100,-13.0800
BRK-B,2015-05-01 17:00,1.6200,1.7200,6.3000
BRK-B,2015-08-07 17:00,2.1300,1.5800,-25.9200
BRK-B,2015-11-06 16:00,1.9000,1.8500,-2.8400
BRK-B,2016-02-27 08:00,1.7500,1.9000,8.2900
BRK-B,2016-05-06 16:00,1.8900,1.5200,-19.8200
BRK-B,2016-08-05 16:00,1.8900,1.8700,-0.9100
BRK-B,2016-11-04 16:00,2.0100,1.9700,-2.2100
BRK-B,2017-02-25 08:00,1.8200,1.7800,-2.2900
BRK-B,2017-05-05 16:00,1.7400,1.4400,-17.2700
BRK-B,2017-08-04 17:00,1.8000,1.6700,-6.9600
BRK-B,2017-11-03 16:00,1.5900,1.4000,-11.9600
BRK-B,2018-02-24 08:00,1.7600,1.3500,-22.9200
BRK-B,2018-05-05 08:00,2.0600,2.1400,4.1600
BRK-B,2018-08-04 08:00,2.2200,2.7900,25.8300
BRK-B,2018-11-03 08:00,2.4800,2.7900,12.6800
BRK-B,2019-02-23 08:00,2.2400,2.3200,3.7400
BRK-B,2019-05-04 08:00,2.2600,2.2600,-0.0600
BRK-B,2019-08-03 08:00,2.5900,2.5000,-3.3700
BRK-B,2019-11-02 07:00,2.8100,3.2100,14.2100
BRK-B,2020-02-22 08:00,2.4800,1.8100,-27.1000
BRK-B,2020-05-02 09:00,2.5100,2.4100,-3.8700
BRK-B,2020-08-08 07:00,2.3000,2.2800,-0.9100
BRK-B,2020-11-07 08:00,2.4100,2.3000,-4.5200
BRK-B,2021-02-27 08:00,2.2800,2.1500,-5.7400
BRK-B,2021-05-01 08:00,2.5700,3.0500,18.6000
BRK-B,2021-08-07 08:00,2.6500,2.9300,10.7400
BRK-B,2021-11-06 08:00,2.9300,2.8700,-2.0400
BRK-B,2022-02-26 08:00,2.9500,3.2700,10.6500
BRK-B,2022-04-30 08:00,2.8800,3.1800,10.6900
BRK-B,2022-08-06 08:00,3.3400,4.2100,26.0500
BRK-B,2022-11-05 08:00,2.9200,3.5300,20.6000
BRK-B,2023-02-25 08:00,4.1700,3.0600,-26.5800
BRK-B,2023-05-06 08:00,3.5000,3.6900,5.5900
BRK-B,2023-08-05 08:00,3.9900,4.6200,15.8400
BRK-B,2023-11-04 08:00,4.9300,4.9600,0.6200
BRK-B,2024-02-24 08:00,3.7900,3.9200,3.2800
BRK-B,2024-05-04 08:00,4.9000,5.2000,5.9900
BRK-B,2024-08-03 08:00,4.7700,5.3800,12.8400
BRK-B,2024-11-02 08:00,5.2800,4.6800,-11.3400
BRK-B,2025-02-22 08:00,4.1900,6.7300,60.6900
BRK-B,2025-05-03 08:00,4.7200,4.4700,-5.3700
BRK-B,2025-08-02 08:00,5.0400,5.1700,2.7100
BRK-B,2025-11-01 08:00,5.7300,6.2500,9.0000
BRK-B,2026-02-28 08:00,5.1700,4.7300,-8.4800
BRK-B,2026-05-02 08:00,5.0500,5.2600,4.1700
BRK-B,2026-08-08 08:00,5.1300,6.0300,17.4000
BRK-B,2026-08-08 16:00,5.1300,,
BRK-B,2026-11-07 15:00,5.7800,,
GOOGL,2004-10-21 16:00,-0.0100,,184.5200
GOOGL,2005-02-01 16:00,0.0200,0.0200,19.4800
GOOGL,2005-04-21 16:00,0.0200,0.0300,39.4300
GOOGL,2005-07-21 16:00,0.0300,0.0300,7.4400
GOOGL,2005-10-20 16:00,0.0300,0.0300,8.6200
GOOGL,2006-01-31 16:00,0.0400,0.0300,-17.3200
GOOGL,2006-04-20 16:00,0.0400,0.0500,13.9800
GOOGL,2006-07-20 16:00,0.0600,0.0600,11.7600
GOOGL,2006-10-19 16:00,0.0600,0.0700,9.5700
GOOGL,2007-01-31 16:00,0.0700,0.0800,25.0000
GOOGL,2007-04-19 16:00,0.0800,0.0900,11.2200
GOOGL,2007-07-19 16:00,0.0800,0.0700,-2.6200
GOOGL,2007-10-18 16:00,0.0900,0.1000,3.4200
GOOGL,2008-01-31 16:00,0.1100,0.1100,-0.8200
GOOGL,2008-04-17 16:00,0.1100,0.1200,6.8600
GOOGL,2008-07-17 16:00,0.1000,0.1000,-1.7800
GOOGL,2008-10-16 16:00,0.1200,0.1200,3.6800
GOOGL,2009-01-22 16:00,0.1200,0.1300,3.1600
GOOGL,2009-04-16 16:00,0.1200,0.1300,4.9300
GOOGL,2009-07-16 16:00,0.1100,0.1200,6.2900
GOOGL,2009-10-15 16:00,0.1400,0.1500,8.6900
GOOGL,2010-01-21 16:00,0.1600,0.1700,4.8800
GOOGL,2010-05-05 19:00,0.1700,0.1700,2.4100
GOOGL,2010-07-15 16:00,0.1400,0.1400,0.2200
GOOGL,2010-10-14 16:00,0.1700,0.1900,14.9000
GOOGL,2011-01-20 16:00,0.2000,0.2200,9.1500
GOOGL,2011-04-14 16:00,0.1800,0.1800,-1.4600
GOOGL,2011-07-14 16:00,0.2000,0.2200,11.8200
GOOGL,2011-10-13 16:00,0.2200,0.2400,10.9100
GOOGL,2012-01-19 16:00,0.2600,0.2400,-9.3800
GOOGL,2012-04-12 16:00,0.2400,0.2500,4.2200
GOOGL,2012-07-19 16:00,0.2500,0.2500,-0.0400
GOOGL,2012-10-18 12:00,0.2700,0.2300,-15.6800
GOOGL,2013-01-22 16:00,0.2600,0.2700,0.8200
GOOGL,2013-04-18 16:00,0.2200,0.2500,12.6900
GOOGL,2013-07-18 16:00,0.2700,0.2400,-11.2800
GOOGL,2013-10-17 16:00,0.2600,0.2700,2.9900
GOOGL,2014-01-30 16:00,0.2600,0.2500,-3.1900
GOOGL,2014-04-16 16:00,0.3200,0.3100,-2.3100
GOOGL,2014-07-17 16:00,0.3100,0.3000,-2.4200
GOOGL,2014-10-16 16:00,0.3300,0.3200,-2.6000
GOOGL,2015-01-29 16:00,0.3600,0.3400,-3.4900
GOOGL,2015-04-23 16:00,0.2700,0.2600,-2.0500
GOOGL,2015-07-16 16:00,0.2700,0.2500,-8.2500
GOOGL,2015-10-22 16:00,0.3600,0.3700,2.0000
GOOGL,2016-02-01 16:00,0.4000,0.4300,7.1300
GOOGL,2016-04-21 16:00,0.4000,0.3800,-5.7700
GOOGL,2016-07-28 16:00,0.3200,0.3500,9.2300
GOOGL,2016-10-27 16:00,0.3400,0.3600,8.1300
GOOGL,2017-01-26 16:00,0.4800,0.4700,-2.6600
GOOGL,2017-04-27 16:00,0.4700,0.5000,6.1600
GOOGL,2017-07-24 16:00,0.2200,0.2500,13.2500
GOOGL,2017-10-26 16:00,0.4200,0.4800,13.1300
GOOGL,2018-02-01 16:00,0.4900,0.4900,-2.0200
GOOGL,2018-04-23 16:00,0.4600,0.4700,2.2800
GOOGL,2018-07-23 16:00,0.1900,0.2300,21.8300
GOOGL,2018-10-25 16:00,0.5200,0.6500,25.5000
GOOGL,2019-02-04 16:00,0.5400,0.6400,17.5700
GOOGL,2019-04-29 16:00,0.5200,0.6000,14.4300
GOOGL,2019-07-25 16:00,0.5700,0.7100,23.8800
GOOGL,2019-10-28 16:00,0.6200,0.5100,-18.7500
GOOGL,2020-02-03 16:00,0.6300,0.7700,21.8900
GOOGL,2020-04-28 16:00,0.5400,0.4900,-8.2900
GOOGL,2020-07-30 16:00,0.4100,0.5100,23.4000
GOOGL,2020-10-29 16:00,0.5600,0.8200,46.2400
GOOGL,2021-02-02 16:00,0.8000,1.1200,39.2800
GOOGL,2021-04-27 16:00,0.7800,1.3100,67.7600
GOOGL,2021-07-27 16:00,0.9600,1.3600,42.7000
GOOGL,2021-10-26 16:00,1.1600,1.4000,20.4400
GOOGL,2022-02-01 16:00,1.3600,1.5300,12.6500
GOOGL,2022-04-26 16:00,1.2800,1.2300,-3.6700
GOOGL,2022-07-26 16:00,1.2900,1.2100,-6.0500
GOOGL,2022-10-25 16:00,1.2600,1.0600,-16.0100
GOOGL,2023-02-02 16:00,1.2000,1.0500,-12.3300
GOOGL,2023-04-25 16:00,1.0700,1.1700,9.4500
GOOGL,2023-07-25 16:00,1.3400,1.4400,7.2900
GOOGL,2023-10-24 16:00,1.4500,1.5500,7.0500
GOOGL,2024-01-30 16:00,1.6000,1.6400,2.7500
GOOGL,2024-04-25 16:00,1.5100,1.8900,25.5800
GOOGL,2024-07-23 16:00,1.8400,1.8900,2.5400
GOOGL,2024-10-29 16:00,1.8500,2.1200,14.8300
GOOGL,2025-02-04 16:00,2.1300,2.1500,1.1800
GOOGL,2025-04-24 16:00,2.0100,2.8100,39.8400
GOOGL,2025-07-23 16:00,2.1900,2.3100,5.6700
GOOGL,2025-10-29 16:00,2.2600,2.8700,26.8800
GOOGL,2026-02-04 16:00,2.6400,2.8200,7.0100
GOOGL,2026-04-29 16:00,2.6300,5.1100,94.3000
GOOGL,2026-07-22 16:00,2.9000,9.1100,214.2300
GOOGL,2026-10-28 16:00,3.0100,,
HD,2002-02-26 08:00,0.2900,0.3000,4.7800
HD,2002-05-21 07:00,0.3300,0.3600,9.2500
HD,2002-08-20 07:00,0.4700,0.5000,5.9500
HD,2002-11-19 07:00,0.4000,0.4000,
HD,2003-02-25 07:00,0.2700,0.3000,11.1100
HD,2003-05-20 07:00,0.3700,0.3900,6.5600
HD,2003-08-19 06:00,0.5400,0.5600,2.9400
HD,2003-11-18 06:00,0.4600,0.5000,8.2300
HD,2004-02-24 06:00,0.3900,0.4200,8.6200
HD,2004-05-18 06:00,0.4300,0.4900,13.2200
HD,2004-08-17 06:00,0.6500,0.7000,8.4100
HD,2004-11-16 06:00,0.5700,0.6000,6.0400
HD,2005-02-22 06:00,0.4700,0.4700,-1.0100
HD,2005-05-17 06:00,0.5500,0.5700,3.2600
HD,2005-08-16 06:00,0.7900,0.8200,3.2700
HD,2005-11-15 06:00,0.6800,0.7200,6.0400
HD,2006-02-21 06:00,0.5600,0.6000,6.5700
HD,2006-05-16 06:00,0.6700,0.7000,4.4000
HD,2006-08-15 06:00,0.9200,0.9300,1.0900
HD,2006-11-14 06:00,0.7500,0.7300,-2.9300
HD,2007-02-20 06:00,0.5100,0.5000,-1.2400
HD,2007-05-15 06:00,0.5900,0.5300,-10.7500
HD,2007-08-14 06:00,0.7400,0.7700,4.3600
HD,2007-11-13 06:00,0.6000,0.5900,-1.2800
HD,2008-02-26 06:00,0.4300,0.4000,-6.9800
HD,2008-05-20 06:00,0.3700,0.4100,11.2900
HD,2008-08-19 06:00,0.6100,0.7100,16.0300
HD,2008-11-18 06:00,0.3900,0.4500,16.7700
HD,2009-02-24 06:00,0.1500,0.1900,22.9000
HD,2009-05-19 06:00,0.2800,0.3500,25.1000
HD,2009-08-18 06:00,0.5900,0.6400,8.2600
HD,2009-11-17 06:00,0.3500,0.4100,15.5900
HD,2010-02-23 06:00,0.1700,0.2400,44.8300
HD,2010-05-18 06:00,0.3900,0.4500,13.9900
HD,2010-08-17 06:00,0.7000,0.7200,2.1700
HD,2010-11-16 06:00,0.4800,0.5100,6.4300
HD,2011-02-22 06:00,0.3000,0.3600,18.0400
HD,2011-05-17 06:00,0.4900,0.5000,1.3100
HD,2011-08-16 06:00,0.8200,0.8600,4.3500
HD,2011-11-15 06:00,0.5800,0.6000,2.6900
HD,2012-02-21 06:00,0.4200,0.5000,18.6600
HD,2012-05-15 06:00,0.6400,0.6500,1.3800
HD,2012-08-14 06:00,0.9700,1.0100,3.9200
HD,2012-11-13 06:00,0.7000,0.7400,5.4300
HD,2013-02-26 06:00,0.6400,0.6700,4.2500
HD,2013-05-21 06:00,0.7600,0.8300,9.2500
HD,2013-08-20 06:00,1.2100,1.2400,2.6300
HD,2013-11-19 06:00,0.9000,0.9500,6.1100
HD,2014-02-25 06:00,0.7100,0.7300,2.7800
HD,2014-05-20 06:00,0.9800,0.9600,-2.4700
HD,2014-08-19 06:00,1.4500,1.5200,4.9400
HD,2014-11-18 06:00,1.1400,1.1200,-1.6100
HD,2015-02-24 06:00,0.8900,1.0000,11.9200
HD,2015-05-19 06:00,1.1500,1.1600,0.5900
HD,2015-08-18 06:00,1.6900,1.7100,1.0000
HD,2015-11-17 06:00,1.3200,1.3600,3.2300
HD,2016-02-23 06:00,1.1000,1.1700,6.0300
HD,2016-05-17 06:00,1.3500,1.4400,6.6200
HD,2016-08-16 06:00,1.9700,1.9700,0.1600
HD,2016-11-15 06:00,1.5800,1.6000,1.2500
HD,2017-02-21 06:00,1.3400,1.4400,7.8200
HD,2017-05-16 06:00,1.6100,1.6700,3.4900
HD,2017-08-15 06:00,2.2200,2.2500,1.4800
HD,2017-11-14 06:00,1.8200,1.8400,1.0000
HD,2018-02-20 06:00,1.6400,1.6900,2.9300
HD,2018-05-15 06:00,2.0500,2.0800,1.4300
HD,2018-08-14 06:00,2.8500,3.0500,6.9700
HD,2018-11-13 06:00,2.2700,2.5100,10.7400
HD,2019-02-26 06:00,2.1600,2.2500,4.1100
HD,2019-05-21 06:00,2.1900,2.2700,3.6700
HD,2019-08-20 06:00,3.0800,3.1700,3.0200
HD,2019-11-19 06:00,2.5300,2.5300,0.1300
HD,2020-02-25 06:00,2.1100,2.2800,8.2800
HD,2020-05-19 06:00,2.2600,2.0800,-7.8200
HD,2020-08-18 06:00,3.7200,4.0200,8.0600
HD,2020-11-17 06:00,3.0400,3.1800,4.7700
HD,2021-02-23 06:00,2.6200,2.7400,4.5900
HD,2021-05-18 06:00,3.0500,3.8600,26.5800
HD,2021-08-17 06:00,4.4300,4.5300,2.3300
HD,2021-11-16 06:00,3.4000,3.9200,15.2900
HD,2022-02-22 06:00,3.1800,3.2100,0.8700
HD,2022-05-17 06:00,3.6900,4.0900,10.8300
HD,2022-08-16 06:00,4.9300,5.0500,2.3600
HD,2022-11-15 06:00,4.1200,4.2400,2.9600
HD,2023-02-21 06:00,3.2900,3.3000,0.4000
HD,2023-05-16 06:00,3.8000,3.8200,0.5200
HD,2023-08-15 06:00,4.4400,4.6500,4.6800
HD,2023-11-14 06:00,3.7600,3.8100,1.3500
HD,2024-02-20 06:00,2.7700,2.8200,1.6300
HD,2024-05-14 06:00,3.6100,3.6300,0.5700
HD,2024-08-13 06:00,4.5500,4.6000,1.1600
HD,2024-11-12 06:00,3.6600,3.6700,0.3300
HD,2025-02-25 06:00,3.0400,3.0200,-0.7900
HD,2025-05-20 06:00,3.5900,3.5600,-0.8100
HD,2025-08-19 06:00,4.6900,4.6800,-0.3100
HD,2025-11-18 06:00,3.8300,3.7400,-2.4500
HD,2026-02-24 06:00,2.5200,2.7200,7.8000
HD,2026-05-19 06:00,3.4100,3.4300,0.6900
HD,2026-08-18 06:00,4.7300,4.9200,3.9700
HD,2026-11-17 07:00,3.8300,,
JNJ,2002-01-22 08:00,0.3800,0.3900,1.9600
JNJ,2002-04-16 08:00,0.5800,0.5900,1.9000
JNJ,2002-07-16 08:00,0.5900,0.6000,2.5600
JNJ,2002-10-15 08:00,0.5900,0.6000,1.6900
JNJ,2003-01-21 08:00,0.4700,0.4800,1.7900
JNJ,2003-04-15 08:00,0.6800,0.6900,2.0500
JNJ,2003-07-15 08:00,0.6900,0.7000,1.2000
JNJ,2003-10-14 08:00,0.6800,0.6900,1.1700
JNJ,2004-01-20 08:00,0.5600,0.5700,1.2400
JNJ,2004-04-13 08:00,0.8000,0.8300,4.2700
JNJ,2004-07-13 08:00,0.7900,0.8200,3.9300
JNJ,2004-10-12 08:00,0.7600,0.7800,2.3900
JNJ,2005-01-25 08:00,0.6400,0.6700,4.5200
JNJ,2005-04-19 08:00,0.9200,0.9700,5.3200
JNJ,2005-07-19 08:00,0.9100,0.9300,2.3100
JNJ,2005-10-18 08:00,0.8600,0.8700,1.6400
JNJ,2006-01-24 08:00,0.7300,0.7300,0.6900
JNJ,2006-04-18 08:00,0.9800,0.9900,0.7100
JNJ,2006-07-18 08:00,0.9700,0.9800,0.8800
JNJ,2006-10-17 08:00,0.9300,0.9800,5.5600
JNJ,2007-01-23 08:00,0.7900,0.8100,2.0300
JNJ,2007-04-17 08:00,1.0400,1.1600,11.1100
JNJ,2007-07-16 19:00,1.0000,1.0500,5.0000
JNJ,2007-10-16 07:00,0.9900,1.0600,6.7300
JNJ,2008-01-22 07:00,0.8600,0.8800,2.3300
JNJ,2008-04-15 08:00,1.2000,1.2600,5.0500
JNJ,2008-07-15 07:00,1.1200,1.1800,5.0400
JNJ,2008-10-14 07:00,1.1100,1.1700,5.1500
JNJ,2009-01-20 07:00,0.9200,0.9400,2.4900
JNJ,2009-04-14 07:00,1.2200,1.2600,2.9000
JNJ,2009-07-14 07:00,1.1100,1.1500,3.2300
JNJ,2009-10-13 07:00,1.1300,1.2000,6.0500
JNJ,2010-01-26 07:00,0.9700,1.0200,4.9800
JNJ,2010-04-20 06:00,1.2700,1.2900,1.2900
JNJ,2010-07-20 07:00,1.2000,1.2100,0.4400
JNJ,2010-10-19 07:00,1.1500,1.2300,7.1900
JNJ,2011-01-25 07:00,1.0300,1.0300,0.3600
JNJ,2011-04-19 07:00,1.2600,1.3500,7.4100
JNJ,2011-07-19 07:00,1.2400,1.2800,3.0500
JNJ,2011-10-18 07:00,1.2100,1.2400,2.8300
JNJ,2012-01-24 07:00,1.0900,1.1300,3.4800
JNJ,2012-04-17 07:00,1.3600,1.3700,0.9700
JNJ,2012-07-17 07:00,1.2900,1.3000,0.7300
JNJ,2012-10-16 07:00,1.2100,1.2500,3.1300
JNJ,2013-01-22 07:00,1.1700,1.1900,2.1000
JNJ,2013-04-16 07:00,1.4000,1.4400,2.7600
JNJ,2013-07-16 07:00,1.3900,1.4800,6.3800
JNJ,2013-10-15 07:00,1.3200,1.3600,2.8000
JNJ,2014-01-21 07:00,1.2000,1.2400,3.1500
JNJ,2014-04-15 07:00,1.4800,1.5400,4.3300
JNJ,2014-07-15 07:00,1.5500,1.6600,7.1100
JNJ,2014-10-14 07:00,1.4500,1.5000,3.6800
JNJ,2015-01-20 07:00,1.2600,1.2700,1.1900
JNJ,2015-04-14 07:00,1.5400,1.5600,1.3300
JNJ,2015-07-14 07:00,1.6800,1.7100,1.7400
JNJ,2015-10-13 07:00,1.4500,1.4900,2.6400
JNJ,2016-01-26 06:00,1.4200,1.4400,1.4800
JNJ,2016-04-19 06:00,1.6500,1.6800,1.7600
JNJ,2016-07-19 06:00,1.6800,1.7400,3.6500
JNJ,2016-10-18 06:00,1.6600,1.6800,1.3900
JNJ,2017-01-24 06:00,1.5600,1.5800,1.0300
JNJ,2017-04-18 06:00,1.7700,1.8300,3.1800
JNJ,2017-07-18 06:00,1.7900,1.8300,2.4100
JNJ,2017-10-17 06:00,1.8000,1.9000,5.3500
JNJ,2018-01-23 06:00,1.7200,1.7400,0.9400
JNJ,2018-04-17 06:00,2.0000,2.0600,2.8900
JNJ,2018-07-17 06:00,2.0700,2.1000,1.5900
JNJ,2018-10-16 06:00,2.0300,2.0500,0.8900
JNJ,2019-01-22 06:00,1.9500,1.9700,0.8900
JNJ,2019-04-16 06:00,2.0400,2.1000,2.7700
JNJ,2019-07-16 06:00,2.4400,2.5800,5.6200
JNJ,2019-10-15 06:00,2.0100,2.1200,5.2200
JNJ,2020-01-22 06:00,1.8700,1.8800,0.7300
JNJ,2020-04-14 07:00,2.0000,2.3000,15.2300
JNJ,2020-07-16 06:00,1.5100,1.6700,10.5100
JNJ,2020-10-13 06:00,1.9800,2.2000,11.0300
JNJ,2021-01-26 06:00,1.8300,1.8600,1.7600
JNJ,2021-04-20 06:00,2.3500,2.5900,10.4300
JNJ,2021-07-21 06:00,2.2800,2.4800,8.6200
JNJ,2021-10-19 06:00,2.3500,2.6000,10.5100
JNJ,2022-01-25 06:00,2.1200,2.1300,0.5300
JNJ,2022-04-19 06:00,2.5700,2.6700,4.0800
JNJ,2022-07-19 06:00,2.5500,2.5900,1.6300
JNJ,2022-10-18 06:00,2.4900,2.5500,2.6000
JNJ,2023-01-24 06:00,2.2400,2.3500,5.0700
JNJ,2023-04-18 06:00,2.5000,2.6800,7.1700
JNJ,2023-07-20 06:00,2.6200,2.8000,6.9200
JNJ,2023-10-17 06:00,2.5200,2.6600,5.5400
JNJ,2024-01-23 06:00,2.2800,2.2900,0.3900
JNJ,2024-04-16 06:00,2.6500,2.7100,2.2600
JNJ,2024-07-17 06:00,2.7000,2.8200,4.3100
JNJ,2024-10-15 06:00,2.2100,2.4200,9.7100
JNJ,2025-01-22 06:00,2.0100,2.0400,1.3800
JNJ,2025-04-15 06:00,2.5800,2.7700,7.3800
JNJ,2025-07-16 06:00,2.6800,2.7700,3.2100
JNJ,2025-10-14 06:00,2.7600,2.8000,1.4900
JNJ,2026-01-21 06:00,2.4600,2.4600,-0.1100
JNJ,2026-04-14 06:00,2.6800,2.7000,0.8500
JNJ,2026-07-15 06:00,2.8500,2.9000,1.5800
JNJ,2026-10-13 08:00,2.4200,,
JPM,2002-01-16 07:00,0.3500,0.1200,-65.8400
JPM,2002-04-17 07:00,0.5300,0.5700,7.0200
JPM,2002-07-17 07:00,0.6500,0.5800,-11.2800
JPM,2002-10-16 07:00,0.0700,0.1600,124.7800
JPM,2003-01-22 07:00,-0.0700,-0.0700,-6.0600
JPM,2003-04-16 07:00,0.5000,0.6900,37.4100
JPM,2003-07-16 07:00,0.6200,0.8900,43.7800
JPM,2003-10-22 07:00,0.7600,0.7800,3.1700
JPM,2004-01-21 07:00,0.7700,0.8900,15.4300
JPM,2004-04-21 07:00,0.8700,0.9200,6.3600
JPM,2004-07-21 06:00,0.8300,0.8500,2.6500
JPM,2004-10-20 07:00,0.7400,0.6000,-18.9800
JPM,2005-01-19 06:00,0.6900,0.6400,-7.4100
JPM,2005-04-20 06:00,0.7000,0.8100,15.8400
JPM,2005-07-20 06:00,0.6500,0.6600,1.9300
JPM,2005-10-19 06:00,0.7200,0.7500,3.7400
JPM,2006-01-18 07:00,0.7300,0.7300,0.5600
JPM,2006-04-19 06:00,0.8300,0.8600,3.4000
JPM,2006-07-19 06:00,0.8700,0.9200,6.1100
JPM,2006-10-18 06:00,0.8600,0.9100,6.0600
JPM,2007-01-17 07:00,0.9400,1.0100,7.2500
JPM,2007-04-18 06:00,1.0200,1.2300,21.0600
JPM,2007-07-18 06:00,1.0800,1.2000,11.0100
JPM,2007-10-17 06:00,0.9000,0.9700,8.2600
JPM,2008-01-16 06:00,0.9100,0.8600,-5.7000
JPM,2008-04-16 06:00,0.6500,0.6800,3.8800
JPM,2008-07-17 06:00,0.4400,0.5400,23.8500
JPM,2008-10-15 06:00,-0.2900,-0.0600,79.0900
JPM,2009-01-15 06:00,0.0100,-0.2800,-2318.7000
JPM,2009-04-16 06:00,0.3000,0.4000,31.2000
JPM,2009-07-16 06:00,0.0600,0.2800,340.8100
JPM,2009-10-14 06:00,0.5300,0.8200,55.5700
JPM,2010-01-15 06:00,0.6100,0.7400,21.8100
JPM,2010-04-14 05:00,0.6400,0.7400,15.2600
JPM,2010-07-15 06:00,0.7400,1.0900,47.5800
JPM,2010-10-13 06:00,0.9000,1.0100,12.5600
JPM,2011-01-14 07:00,1.0100,1.1200,10.9200
JPM,2011-04-13 06:00,1.1600,1.2800,10.5900
JPM,2011-07-14 06:00,1.2000,1.2700,5.5700
JPM,2011-10-13 06:00,0.9100,1.0200,11.7800
JPM,2012-01-13 06:00,0.9100,0.9000,-1.3600
JPM,2012-04-13 07:00,1.1700,1.3100,11.7500
JPM,2012-07-13 06:00,0.8200,1.2100,47.3400
JPM,2012-10-12 06:00,1.2300,1.4000,13.6600
JPM,2013-01-16 06:00,1.2100,1.3900,14.7900
JPM,2013-04-12 06:00,1.3800,1.5900,14.9600
JPM,2013-07-12 06:00,1.4500,1.6000,10.7100
JPM,2013-10-11 06:00,1.2800,1.4200,11.2000
JPM,2014-01-14 06:00,1.3300,1.4000,5.0300
JPM,2014-04-11 07:00,1.4000,1.2800,-8.7900
JPM,2014-07-15 06:00,1.3000,1.4600,12.2300
JPM,2014-10-14 06:00,1.3800,1.6200,16.9800
JPM,2015-01-14 06:00,1.3200,1.1900,-9.5200
JPM,2015-04-14 07:00,1.4100,1.4500,2.9600
JPM,2015-07-14 07:00,1.4400,1.5400,6.9600
JPM,2015-10-13 16:00,1.3700,1.3200,-3.7200
JPM,2016-01-14 06:00,1.2600,1.3200,4.7000
JPM,2016-04-13 06:00,1.2600,1.3500,7.1000
JPM,2016-07-14 06:00,1.4300,1.5500,8.6300
JPM,2016-10-14 02:00,1.3900,1.5800,13.7900
JPM,2017-01-13 07:00,1.4200,1.5800,11.0600
JPM,2017-04-13 06:00,1.5100,1.6500,9.4400
JPM,2017-07-14 06:00,1.5900,1.7100,7.4800
JPM,2017-10-12 06:00,1.6600,1.7600,6.2400
JPM,2018-01-12 06:00,1.6900,1.7600,4.0600
JPM,2018-04-13 06:00,2.2900,2.2600,-1.2300
JPM,2018-07-13 06:00,2.2200,2.2900,3.1000
JPM,2018-10-12 06:00,2.2600,2.3400,3.4500
JPM,2019-01-15 06:00,2.1900,1.9800,-9.4900
JPM,2019-04-12 06:00,2.3500,2.6500,12.7600
JPM,2019-07-16 06:00,2.4900,2.8200,13.2100
JPM,2019-10-15 06:00,2.4500,2.6800,9.2000
JPM,2020-01-14 06:00,2.3600,2.5700,8.8300
JPM,2020-04-14 06:00,2.2000,2.8900,31.3900
JPM,2020-07-14 06:00,1.2100,1.0800,-10.4400
JPM,2020-10-13 06:00,2.2400,3.0900,38.2300
JPM,2021-01-15 06:00,2.6500,3.0700,15.8100
JPM,2021-04-14 06:00,3.0600,4.5900,49.9800
JPM,2021-07-13 06:00,3.1700,3.7800,19.0800
JPM,2021-10-13 06:00,3.0000,3.5500,18.3100
JPM,2022-01-14 06:00,3.0300,3.3300,9.7300
JPM,2022-04-13 06:00,2.7100,2.6300,-2.8500
JPM,2022-07-14 06:00,2.9000,2.7600,-4.7600
JPM,2022-10-14 06:00,2.8500,3.1200,9.4400
JPM,2023-01-13 06:00,3.1000,3.5700,15.0400
JPM,2023-04-14 06:00,3.3700,4.1000,21.6900
JPM,2023-07-14 06:00,3.7600,4.7500,26.4600
JPM,2023-10-13 06:00,3.9700,4.3300,9.0100
JPM,2024-01-12 06:00,3.6000,3.0400,-15.6500
JPM,2024-04-12 06:00,4.1300,4.4400,7.4000
JPM,2024-07-12 06:00,5.0900,6.1200,20.1600
JPM,2024-10-11 06:00,3.9900,4.3700,9.6300
JPM,2025-01-15 06:00,4.0400,4.8100,19.1800
JPM,2025-04-11 06:00,4.6400,5.0700,9.1500
JPM,2025-07-15 06:00,4.4800,4.9600,10.6200
JPM,2025-10-14 06:00,4.8700,5.0700,4.0100
JPM,2026-01-13 06:00,4.8200,4.6300,-3.9100
JPM,2026-04-14 06:00,5.5100,5.9400,7.7800
JPM,2026-07-14 06:00,5.8000,6.1400,5.8600
JPM,2026-10-13 08:00,5.8900,,
KO,2002-01-29 07:00,0.1800,0.1900,0.8200
KO,2002-04-16 07:00,0.1900,0.2000,5.5400
KO,2002-07-17 07:00,0.2600,0.2600,0.2600
KO,2002-10-16 07:00,0.2400,0.2400,0.4500
KO,2003-02-12 07:00,0.2000,0.2000,0.5400
KO,2003-04-16 07:00,0.1900,0.1900,-0.8000
KO,2003-07-17 06:00,0.2700,0.2800,5.5600
KO,2003-10-16 06:00,0.2600,0.2800,5.9000
KO,2004-02-11 06:00,0.2200,0.2300,3.7100
KO,2004-04-21 06:00,0.2200,0.2300,5.0200
KO,2004-07-22 16:00,0.3200,0.3200,-0.0500
KO,2004-10-21 16:00,0.2300,0.2500,6.8800
KO,2005-02-16 07:00,0.2000,0.2300,15.5800
KO,2005-04-19 06:00,0.2200,0.2400,8.5500
KO,2005-07-21 06:00,0.3200,0.3400,5.7000
KO,2005-10-20 06:00,0.2600,0.2800,6.1700
KO,2006-02-07 06:00,0.2200,0.2300,3.6000
KO,2006-04-19 06:00,0.2400,0.2500,1.7100
KO,2006-07-18 07:00,0.3600,0.3800,4.6200
KO,2006-10-19 06:00,0.3000,0.3100,4.8600
KO,2007-02-14 06:00,0.2500,0.2600,3.8600
KO,2007-04-17 06:00,0.2700,0.2800,5.5200
KO,2007-07-17 07:00,0.4100,0.4300,3.9100
KO,2007-10-17 07:00,0.3400,0.3600,3.8300
KO,2008-02-13 07:00,0.2700,0.2900,5.6000
KO,2008-04-16 07:00,0.3100,0.3400,7.0000
KO,2008-07-17 06:00,0.4800,0.5100,5.4100
KO,2008-10-15 07:00,0.3800,0.4200,8.1400
KO,2009-02-12 08:00,0.3100,0.3200,4.0900
KO,2009-04-21 07:00,0.3200,0.3300,0.4800
KO,2009-07-21 07:00,0.4400,0.4600,3.6000
KO,2009-10-20 07:00,0.4100,0.4100,1.1100
KO,2010-02-09 07:00,0.3300,0.3300,-0.0800
KO,2010-04-20 06:00,0.3700,0.4000,8.4000
KO,2010-07-21 07:00,0.5100,0.5300,3.3300
KO,2010-10-19 07:00,0.4500,0.4600,3.3500
KO,2011-02-09 07:00,0.3600,0.3600,0.5700
KO,2011-04-26 07:00,0.4300,0.4300,-0.5800
KO,2011-07-19 07:00,0.5800,0.5900,0.7600
KO,2011-10-18 07:00,0.5100,0.5200,1.3200
KO,2012-02-07 07:00,0.3900,0.4000,1.6200
KO,2012-04-17 07:00,0.4400,0.4500,1.5600
KO,2012-07-17 07:00,0.5900,0.6100,2.6300
KO,2012-10-16 07:00,0.5100,0.5100,0.6000
KO,2013-02-12 07:00,0.4400,0.4500,3.4400
KO,2013-04-16 07:00,0.4500,0.4600,2.9900
KO,2013-07-16 07:00,0.6300,0.6300,-0.1000
KO,2013-10-15 07:00,0.5300,0.5300,-0.8300
KO,2014-02-18 07:00,0.4600,0.4600,-0.6000
KO,2014-04-15 07:00,0.4400,0.4400,-0.2200
KO,2014-07-22 07:00,0.6300,0.6400,1.2000
KO,2014-10-21 07:00,0.5300,0.5300,0.7000
KO,2015-02-10 07:00,0.4200,0.4400,4.4600
KO,2015-04-22 07:00,0.4200,0.4800,13.2800
KO,2015-07-22 07:00,0.6000,0.6300,4.7900
KO,2015-10-21 07:00,0.5000,0.5100,2.0300
KO,2016-02-09 06:00,0.3700,0.3800,2.1600
KO,2016-04-20 06:00,0.4400,0.4500,1.6500
KO,2016-07-27 06:00,0.5800,0.6000,3.1800
KO,2016-10-26 06:00,0.4800,0.4900,1.7000
KO,2017-02-09 07:00,0.3700,0.3700,1.1900
KO,2017-04-25 06:00,0.4400,0.4300,-1.2700
KO,2017-07-26 06:00,0.5700,0.5900,3.1200
KO,2017-10-25 06:00,0.4900,0.5000,2.6700
KO,2018-02-16 07:00,0.3800,0.3900,1.9000
KO,2018-04-24 07:00,0.4600,0.4700,3.0900
KO,2018-07-25 07:00,0.6000,0.6100,1.5700
KO,2018-10-30 07:00,0.5500,0.5800,6.0000
KO,2019-02-14 07:00,0.4300,0.4300,0.0700
KO,2019-04-23 07:00,0.4600,0.4800,3.6800
KO,2019-07-23 06:00,0.6100,0.6300,2.4400
KO,2019-10-18 06:00,0.5600,0.5600,-0.4500
KO,2020-01-30 06:00,0.4400,0.4400,0.6500
KO,2020-04-21 06:00,0.4400,0.5100,14.6400
KO,2020-07-21 06:00,0.4100,0.4200,2.3700
KO,2020-10-22 06:00,0.4600,0.5500,18.9200
KO,2021-02-10 06:00,0.4200,0.4700,12.4500
KO,2021-04-19 07:00,0.5000,0.5500,9.0600
KO,2021-07-21 07:00,0.5600,0.6800,20.5100
KO,2021-10-27 06:00,0.5800,0.6500,12.2000
KO,2022-02-10 06:00,0.4100,0.4500,9.3500
KO,2022-04-25 06:00,0.5800,0.6400,10.4400
KO,2022-07-26 07:00,0.6700,0.7000,4.6900
KO,2022-10-25 06:00,0.6400,0.6900,8.3200
KO,2023-02-14 06:00,0.4500,0.4500,0.1800
KO,2023-04-24 06:00,0.6500,0.6800,5.4000
KO,2023-07-26 06:00,0.7200,0.7800,8.1400
KO,2023-10-24 06:00,0.6900,0.7400,6.4900
KO,2024-02-13 06:00,0.4900,0.4900,0.3300
KO,2024-04-30 06:00,0.7000,0.7200,3.4000
KO,2024-07-23 06:00,0.8100,0.8400,4.2600
KO,2024-10-23 06:00,0.7500,0.7700,3.1800
KO,2025-02-11 06:00,0.5200,0.5500,6.3800
KO,2025-04-29 06:00,0.7200,0.7300,1.9500
KO,2025-07-22 07:00,0.8400,0.8700,3.9300
KO,2025-10-21 06:00,0.7800,0.8200,5.3200
KO,2026-02-10 06:00,0.5600,0.5800,2.6900
KO,2026-04-28 07:00,0.8100,0.8600,5.8800
KO,2026-07-28 06:00,0.9300,0.9700,4.0500
KO,2026-10-20 08:00,0.8800,,
MSFT,2002-01-17 16:00,0.2200,0.2500,13.7300
MSFT,2002-04-18 16:00,0.2500,0.2500,-2.9400
MSFT,2002-07-18 16:00,0.2100,0.2100,
MSFT,2002-10-17 16:00,0.2100,0.2800,31.6700
MSFT,2003-01-16 16:00,0.2300,0.2700,16.2600
MSFT,2003-04-15 16:00,0.2300,0.2600,12.0800
MSFT,2003-07-17 16:00,0.2300,0.2300,-1.6600
MSFT,2003-10-23 16:00,0.2900,0.3000,4.7200
MSFT,2004-01-22 16:00,0.3000,0.3400,13.4100
MSFT,2004-04-22 16:00,0.2900,0.3400,18.8600
MSFT,2004-07-22 16:00,0.2800,0.2800,-1.3600
MSFT,2004-10-21 16:00,0.3000,0.3100,2.5500
MSFT,2005-01-27 16:00,0.3300,0.3500,6.4200
MSFT,2005-04-28 16:00,0.3200,0.3200,0.8200
MSFT,2005-07-21 16:00,0.3100,0.3300,7.2200
MSFT,2005-10-27 16:00,0.3400,0.3400,1.2300
MSFT,2006-01-26 16:00,0.3600,0.3600,-0.4400
MSFT,2006-04-27 16:00,0.3300,0.3200,-3.0300
MSFT,2006-07-20 16:00,0.3000,0.3100,3.1000
MSFT,2006-10-26 16:00,0.3100,0.3500,12.9000
MSFT,2007-01-25 16:00,0.2400,0.2600,9.8600
MSFT,2007-04-26 16:00,0.4600,0.5000,9.1800
MSFT,2007-07-19 16:00,0.3400,0.3100,-8.4200
MSFT,2007-10-25 16:00,0.3900,0.4500,15.6900
MSFT,2008-01-24 16:00,0.4600,0.5000,8.8400
MSFT,2008-04-24 16:00,0.4400,0.4700,6.4400
MSFT,2008-07-17 16:00,0.4700,0.4600,-2.7100
MSFT,2008-10-23 16:00,0.4700,0.4800,1.9400
MSFT,2009-01-22 09:00,0.4900,0.4700,-4.6800
MSFT,2009-04-23 16:00,0.3900,0.3900,0.3400
MSFT,2009-07-23 16:00,0.3600,0.3600,-1.1300
MSFT,2009-10-23 08:00,0.3200,0.4000,24.8500
MSFT,2010-01-28 16:00,0.5900,0.7400,25.2600
MSFT,2010-04-22 15:00,0.4200,0.4500,6.1500
MSFT,2010-07-22 16:00,0.4600,0.5100,9.8700
MSFT,2010-10-28 16:00,0.5500,0.6200,13.0200
MSFT,2011-01-27 19:00,0.6800,0.7700,12.9500
MSFT,2011-04-28 16:00,0.5600,0.6100,9.6100
MSFT,2011-07-21 16:00,0.5800,0.6900,19.4100
MSFT,2011-10-20 16:00,0.6800,0.6800,0.2800
MSFT,2012-01-19 16:00,0.7600,0.7800,3.1500
MSFT,2012-04-19 16:00,0.5800,0.6000,2.8600
MSFT,2012-07-19 16:00,0.6200,0.7300,18.0800
MSFT,2012-10-18 16:00,0.5600,0.5300,-5.6900
MSFT,2013-01-24 16:00,0.7600,0.7600,0.5300
MSFT,2013-04-18 16:00,0.6700,0.7200,7.9100
MSFT,2013-07-18 16:00,0.7400,0.6600,-11.3700
MSFT,2013-10-24 16:00,0.5400,0.6200,13.9900
MSFT,2014-01-23 16:00,0.6800,0.7800,14.3600
MSFT,2014-04-24 16:00,0.6300,0.6800,8.1700
MSFT,2014-07-22 16:00,0.6000,0.5500,-8.3500
MSFT,2014-10-23 16:00,0.5400,0.6500,19.9200
MSFT,2015-01-26 16:00,0.7400,0.7700,4.1000
MSFT,2015-04-23 16:00,0.5300,0.6200,17.3300
MSFT,2015-07-21 16:00,0.5700,0.6200,9.2300
MSFT,2015-10-22 16:00,0.5900,0.6700,14.4900
MSFT,2016-01-28 16:00,0.7100,0.7800,10.0400
MSFT,2016-04-21 16:00,0.6400,0.6200,-2.9500
MSFT,2016-07-19 16:00,0.5800,0.6900,18.1800
MSFT,2016-10-20 16:00,0.6800,0.7600,11.3900
MSFT,2017-01-26 16:00,0.7900,0.8400,6.9800
MSFT,2017-04-27 16:00,0.7000,0.7300,4.6700
MSFT,2017-07-20 16:00,0.7100,0.9800,38.7200
MSFT,2017-10-26 16:00,0.7300,0.8400,15.4200
MSFT,2018-01-31 16:00,0.8700,0.9600,10.9300
MSFT,2018-04-26 16:00,0.8500,0.9500,11.7400
MSFT,2018-07-19 16:00,1.0800,1.1300,4.8400
MSFT,2018-10-24 16:00,0.9700,1.1400,18.1200
MSFT,2019-01-30 16:00,1.0900,1.1000,0.8200
MSFT,2019-04-24 16:00,1.0000,1.1400,14.1700
MSFT,2019-07-18 16:00,1.2100,1.3700,12.8800
MSFT,2019-10-23 16:00,1.2400,1.3800,10.9800
MSFT,2020-01-29 16:00,1.3200,1.5100,13.9600
MSFT,2020-04-29 16:00,1.2700,1.4000,10.3400
MSFT,2020-07-22 16:00,1.3700,1.4600,6.4200
MSFT,2020-10-27 16:00,1.5500,1.8200,17.7200
MSFT,2021-01-26 16:00,1.6400,2.0300,23.9900
MSFT,2021-04-27 16:00,1.7800,1.9500,9.6700
MSFT,2021-07-27 16:00,1.9300,2.1700,12.7100
MSFT,2021-10-26 16:00,2.0800,2.2700,9.3000
MSFT,2022-01-25 16:00,2.3200,2.4800,6.9700
MSFT,2022-04-26 16:00,2.2000,2.2200,1.0600
MSFT,2022-07-26 16:00,2.2900,2.2300,-2.6900
MSFT,2022-10-25 16:00,2.3100,2.3500,1.9200
MSFT,2023-01-24 16:00,2.3200,2.3200,0.2100
MSFT,2023-04-25 16:00,2.2300,2.4500,9.7700
MSFT,2023-07-25 16:00,2.5500,2.6900,5.5900
MSFT,2023-10-24 16:00,2.6500,2.9900,12.8500
MSFT,2024-01-30 16:00,2.7700,2.9300,5.8300
MSFT,2024-04-25 16:00,2.8400,2.9400,3.4000
MSFT,2024-07-30 16:00,2.9400,2.9500,0.2300
MSFT,2024-10-30 16:00,3.1100,3.3000,6.1300
MSFT,2025-01-29 16:00,3.1200,3.2300,3.4700
MSFT,2025-04-30 16:00,3.2200,3.4600,7.4000
MSFT,2025-07-30 16:00,3.3800,3.6500,8.0900
MSFT,2025-10-29 16:00,3.6600,4.1300,12.7300
MSFT,2026-01-28 16:00,3.9200,4.1400,5.6900
MSFT,2026-04-29 16:00,4.0700,4.2700,4.9000
MSFT,2026-07-29 16:00,4.2400,4.7400,11.8100
MSFT,2026-10-28 16:00,4.7200,,
PEP,2002-02-06 07:00,0.4200,0.4200,-0.4700
PEP,2002-04-23 07:00,0.3700,0.3800,2.0700
PEP,2002-07-19 06:00,0.5200,0.5200,0.5700
PEP,2002-10-08 07:00,0.5500,0.5600,2.2200
PEP,2003-02-06 07:00,0.5000,0.5000,0.2500
PEP,2003-04-17 07:00,0.4300,0.4500,5.8800
PEP,2003-07-10 07:00,0.5800,0.5800,0.4600
PEP,2003-10-07 06:00,0.6200,0.6200,0.8000
PEP,2004-02-05 06:00,0.5300,0.5100,-3.4700
PEP,2004-04-15 06:00,0.4600,0.4600,1.1000
PEP,2004-07-15 06:00,0.6100,0.6100,0.7700
PEP,2004-09-30 06:00,0.6400,0.6600,2.4400
PEP,2005-02-03 07:00,0.5800,0.5800,-0.3900
PEP,2005-04-14 06:00,0.5000,0.5300,5.1600
PEP,2005-07-12 06:00,0.6700,0.7000,4.4800
PEP,2005-09-29 06:00,0.7300,0.7800,6.9200
PEP,2006-02-08 06:00,0.6500,0.6500,0.3500
PEP,2006-04-26 06:00,0.5800,0.6000,3.0900
PEP,2006-07-13 06:00,0.7700,0.8000,3.4400
PEP,2006-10-12 07:00,0.8600,0.8800,1.8200
PEP,2007-02-08 06:00,0.7200,0.7200,0.1700
PEP,2007-04-25 06:00,0.6100,0.6500,6.4300
PEP,2007-07-24 06:00,0.8900,0.9400,5.4200
PEP,2007-10-11 07:00,0.9600,0.9900,2.9800
PEP,2008-02-07 06:00,0.8000,0.8000,0.6300
PEP,2008-04-24 07:00,0.7000,0.7000,-0.1000
PEP,2008-07-23 07:00,1.0200,1.0300,1.2300
PEP,2008-10-14 07:00,1.0800,1.0600,-1.9300
PEP,2009-02-13 06:00,0.8800,0.8800,0.5700
PEP,2009-04-20 00:00,0.6700,0.7100,6.1000
PEP,2009-07-22 06:00,1.0000,1.0200,2.3400
PEP,2009-10-08 07:00,1.0300,1.0800,4.6700
PEP,2010-02-11 07:00,0.9000,0.9000,-0.1100
PEP,2010-04-22 06:00,0.7500,0.7600,1.0900
PEP,2010-07-20 07:00,1.0900,1.1000,1.3400
PEP,2010-10-07 07:00,1.2200,1.2200,0.0200
PEP,2011-02-10 12:00,1.0400,1.0500,0.8300
PEP,2011-04-28 07:00,0.7300,0.7400,1.5700
PEP,2011-07-21 07:00,1.2000,1.2100,0.4600
PEP,2011-10-12 07:00,1.2900,1.3100,1.4600
PEP,2012-02-09 02:00,1.1200,1.1500,2.3400
PEP,2012-04-26 07:00,0.6700,0.6900,3.7400
PEP,2012-07-25 07:00,1.0900,1.1200,2.5900
PEP,2012-10-17 07:00,1.1600,1.2000,3.0900
PEP,2013-02-14 07:00,1.0600,1.0900,3.2400
PEP,2013-04-18 07:00,0.7000,0.7700,9.7700
PEP,2013-07-24 07:00,1.1900,1.3100,9.7800
PEP,2013-10-16 07:00,1.1700,1.2400,5.7500
PEP,2014-02-13 07:00,1.0100,1.0500,3.8000
PEP,2014-04-17 07:00,0.7500,0.8300,10.4200
PEP,2014-07-23 07:00,1.2300,1.3200,7.1900
PEP,2014-10-09 06:00,1.2900,1.3600,5.4300
PEP,2015-02-11 07:00,1.0800,1.1200,4.0500
PEP,2015-04-23 07:00,0.7900,0.8300,4.7600
PEP,2015-07-09 06:00,1.2400,1.3200,6.3800
PEP,2015-10-06 06:00,1.2600,1.3500,6.9000
PEP,2016-02-11 06:00,1.0600,1.0600,0.1100
PEP,2016-04-18 06:00,0.8100,0.8900,9.4400
PEP,2016-07-07 06:00,1.3000,1.3500,4.2300
PEP,2016-09-29 06:00,1.3200,1.4000,6.2000
PEP,2017-02-15 06:00,1.1600,1.2000,3.6700
PEP,2017-04-26 06:00,0.9200,0.9400,2.5900
PEP,2017-07-11 06:00,1.4000,1.5000,7.3500
PEP,2017-10-04 06:00,1.4300,1.4800,3.4000
PEP,2018-02-13 06:00,1.3000,1.3100,0.5900
PEP,2018-04-26 06:00,0.9300,0.9600,3.2400
PEP,2018-07-10 05:00,1.5300,1.6100,5.5600
PEP,2018-10-02 06:00,1.5700,1.5900,1.0700
PEP,2019-02-15 06:00,1.5000,1.4900,-0.5000
PEP,2019-04-17 06:00,0.9300,0.9700,4.7500
PEP,2019-07-09 06:00,1.5100,1.5400,2.1700
PEP,2019-10-03 10:00,1.5100,1.5600,3.3400
PEP,2020-02-13 06:00,1.4500,1.4500,0.0500
PEP,2020-04-28 06:00,1.0300,1.0700,3.8500
PEP,2020-07-13 06:00,1.2500,1.3200,5.9900
PEP,2020-10-01 06:00,1.4900,1.6600,11.5800
PEP,2021-02-11 08:00,1.4600,1.4700,0.7000
PEP,2021-04-15 06:00,1.1200,1.2100,8.0000
PEP,2021-07-13 06:00,1.5300,1.7200,12.7200
PEP,2021-10-05 06:00,1.7300,1.7900,3.2700
PEP,2022-02-10 06:00,1.5200,1.5300,0.9200
PEP,2022-04-26 06:00,1.2300,1.2900,4.5400
PEP,2022-07-12 06:00,1.7400,1.8600,7.1000
PEP,2022-10-12 06:00,1.8500,1.9700,6.6800
PEP,2023-02-09 06:00,1.6500,1.6700,1.2200
PEP,2023-04-25 06:00,1.3900,1.5000,8.2300
PEP,2023-07-13 06:00,1.9600,2.0900,6.5600
PEP,2023-10-10 06:00,2.1500,2.2500,4.4400
PEP,2024-02-09 06:00,1.7200,1.7800,3.4300
PEP,2024-04-23 06:00,1.5200,1.6100,5.9600
PEP,2024-07-11 06:00,2.1600,2.2800,5.5700
PEP,2024-10-08 06:00,2.2900,2.3100,0.7400
PEP,2025-02-04 06:00,1.9400,1.9600,0.9000
PEP,2025-04-24 06:00,1.4900,1.4800,-0.7700
PEP,2025-07-17 06:00,2.0300,2.1200,4.4800
PEP,2025-10-09 06:00,2.2600,2.2900,1.3300
PEP,2026-02-03 06:00,2.2400,2.2600,1.0200
PEP,2026-04-16 06:00,1.5500,1.6100,3.7500
PEP,2026-07-09 06:00,2.2100,2.2000,-0.3700
PEP,2026-10-08 08:00,2.3000,,
PG,2002-01-31 07:00,0.5100,0.5200,0.7700
PG,2002-04-30 07:00,0.4100,0.4200,1.4100
PG,2002-08-05 07:00,0.3700,0.3900,3.4100
PG,2002-10-29 07:00,0.5500,0.5600,1.5700
PG,2003-01-28 07:00,0.5600,0.5600,1.2900
PG,2003-04-28 07:00,0.4800,0.4800,0.2300
PG,2003-07-31 07:00,0.4300,0.4400,1.1800
PG,2003-10-27 07:00,0.6300,0.6300,0.6500
PG,2004-01-28 07:00,0.6400,0.6500,1.0300
PG,2004-04-30 07:00,0.5400,0.5500,1.2400
PG,2004-08-02 07:00,0.4900,0.5000,3.0900
PG,2004-10-27 07:00,0.7200,0.7300,1.4800
PG,2005-01-27 16:00,0.7200,0.7400,2.6900
PG,2005-04-28 07:00,0.6100,0.6300,2.5900
PG,2005-08-01 07:00,0.5500,0.5600,1.0600
PG,2005-11-01 07:00,0.7600,0.7700,1.9000
PG,2006-01-27 07:00,0.6900,0.7200,5.0100
PG,2006-05-03 07:00,0.6100,0.6200,2.0600
PG,2006-08-02 07:00,0.5400,0.5500,1.9700
PG,2006-10-31 07:00,0.7800,0.7900,1.4300
PG,2007-01-30 07:00,0.8400,0.8400,0.5200
PG,2007-05-01 07:00,0.7400,0.7400,-0.1700
PG,2007-08-03 07:00,0.6600,0.6700,1.2500
PG,2007-10-30 07:00,0.9000,0.9000,0.5600
PG,2008-01-31 07:00,0.9700,0.9800,1.4000
PG,2008-04-30 07:00,0.8100,0.8200,1.5300
PG,2008-08-05 07:00,0.7800,0.8000,2.8100
PG,2008-10-29 07:00,1.0300,1.0300,0.3200
PG,2009-01-30 07:00,0.9900,0.9400,-5.2100
PG,2009-04-30 07:00,0.8000,0.8400,5.1200
PG,2009-08-05 07:00,0.7800,0.8000,2.6800
PG,2009-10-29 06:00,0.9900,0.9700,-1.6000
PG,2010-01-28 07:00,1.4300,1.4900,4.5400
PG,2010-04-29 07:00,0.8200,0.8900,9.0100
PG,2010-08-03 06:00,0.7300,0.7100,-2.8800
PG,2010-10-27 07:00,1.0000,1.0200,2.3800
PG,2011-01-27 07:00,1.1000,1.1300,2.9900
PG,2011-04-28 07:00,0.9700,0.9600,-0.8500
PG,2011-08-05 07:00,0.8200,0.8400,2.1300
PG,2011-10-27 07:00,1.0300,1.0300,0.4100
PG,2012-01-27 07:00,1.0800,1.1000,1.7000
PG,2012-04-27 07:00,0.9300,0.9400,1.0000
PG,2012-08-03 07:00,0.7700,0.8200,6.3300
PG,2012-10-25 06:00,0.9600,1.0600,10.5200
PG,2013-01-25 07:00,1.1100,1.2200,9.6100
PG,2013-04-24 07:00,0.9600,0.9900,3.1900
PG,2013-08-01 07:00,0.7700,0.7900,2.3100
PG,2013-10-25 07:00,1.0500,1.0500,-0.2300
PG,2014-01-24 07:00,1.2000,1.2100,0.9600
PG,2014-04-23 07:00,1.0200,1.0400,2.4600
PG,2014-08-01 07:00,0.9100,0.9500,4.1500
PG,2014-10-24 07:00,1.0700,1.0700,-0.2400
PG,2015-01-27 07:00,1.1300,1.0600,-5.9100
PG,2015-04-23 06:00,0.9200,0.9200,-0.4400
PG,2015-07-30 07:00,0.9500,1.0000,5.7600
PG,2015-10-23 07:00,0.9400,0.9800,3.8900
PG,2016-01-26 07:00,0.9700,1.0400,6.8000
PG,2016-04-26 07:00,0.8200,0.8600,5.1200
PG,2016-08-02 07:00,0.7400,0.7900,6.0500
PG,2016-10-25 07:00,0.9800,1.0300,5.4200
PG,2017-01-20 07:00,1.0600,1.0800,1.7700
PG,2017-04-26 07:00,0.9400,0.9600,2.3300
PG,2017-07-27 07:00,0.7800,0.8500,8.6300
PG,2017-10-20 07:00,1.0800,1.0900,1.2100
PG,2018-01-23 07:00,1.1400,1.1900,4.2600
PG,2018-04-19 07:00,0.9800,1.0000,1.6800
PG,2018-07-31 07:00,0.9000,0.9400,4.5200
PG,2018-10-19 07:00,1.0900,1.1200,2.5700
PG,2019-01-23 07:00,1.2100,1.2500,3.4200
PG,2019-04-23 07:00,1.0400,1.0600,2.1300
PG,2019-07-30 06:00,1.0500,1.1000,4.6400
PG,2019-10-22 06:00,1.2400,1.3700,10.3300
PG,2020-01-23 07:00,1.3700,1.4200,3.5900
PG,2020-04-17 08:00,1.1300,1.1700,3.5400
PG,2020-07-30 07:00,1.0100,1.1600,14.3800
PG,2020-10-20 07:00,1.4200,1.6300,14.8900
PG,2021-01-20 07:00,1.5100,1.6400,8.8000
PG,2021-04-20 07:00,1.1900,1.2600,6.1000
PG,2021-07-30 06:00,1.0900,1.1300,4.1300
PG,2021-10-19 07:00,1.5900,1.6100,1.2000
PG,2022-01-19 06:00,1.6500,1.6600,0.4100
PG,2022-04-20 06:00,1.2900,1.3300,2.8800
PG,2022-07-29 06:00,1.2300,1.2100,-1.4300
PG,2022-10-19 07:00,1.5500,1.5700,1.4100
PG,2023-01-19 07:00,1.5900,1.5900,-0.0100
PG,2023-04-21 06:00,1.3200,1.3700,3.4600
PG,2023-07-28 06:00,1.3200,1.3700,3.4800
PG,2023-10-18 06:00,1.7200,1.8300,6.3400
PG,2024-01-23 06:00,1.7000,1.8400,8.2800
PG,2024-04-19 06:00,1.4100,1.5200,7.4800
PG,2024-07-30 07:00,1.3700,1.4000,1.9200
PG,2024-10-18 06:00,1.9000,1.9300,1.7500
PG,2025-01-22 07:00,1.8600,1.8800,1.1000
PG,2025-04-24 07:00,1.5300,1.5400,0.9300
PG,2025-07-29 07:00,1.4200,1.4800,4.1400
PG,2025-10-24 07:00,1.9000,1.9900,4.9200
PG,2026-01-22 07:00,1.8600,1.8800,1.2500
PG,2026-04-24 07:00,1.5600,1.5900,2.2200
PG,2026-07-29 07:00,1.4100,1.4300,1.5500
PG,2026-10-22 08:00,1.8900,,
TSLA,2010-11-09 16:00,-0.0300,-0.0300,19.3800
TSLA,2011-02-15 16:00,-0.0300,-0.0400,-10.4900
TSLA,2011-05-04 16:00,-0.0300,-0.0300,13.6600
TSLA,2011-08-03 16:00,-0.0300,-0.0400,-17.5100
TSLA,2011-11-02 17:00,-0.0400,-0.0400,4.7000
TSLA,2012-02-15 16:00,-0.0400,-0.0500,-10.3900
TSLA,2012-05-09 16:00,-0.0500,-0.0500,-9.6500
TSLA,2012-07-25 16:00,-0.0600,-0.0600,3.6700
TSLA,2012-11-05 06:00,-0.0600,-0.0600,-1.5700
TSLA,2013-02-20 16:00,-0.0300,-0.0400,-24.5100
TSLA,2013-05-08 17:00,,0.0100,272.0900
TSLA,2013-08-07 16:00,-0.0100,0.0100,221.0700
TSLA,2013-11-05 16:00,0.0100,0.0100,23.4600
TSLA,2014-02-19 16:00,0.0100,0.0200,54.9300
TSLA,2014-05-09 16:00,,0.0100,90.9300
TSLA,2014-07-31 16:00,,0.0100,192.0300
TSLA,2014-11-05 16:00,,,575.0000
TSLA,2015-02-11 17:00,0.0200,-0.0100,-141.1300
TSLA,2015-05-06 16:00,-0.0300,-0.0200,26.7000
TSLA,2015-08-05 16:00,-0.0400,-0.0300,22.2200
TSLA,2015-11-03 16:00,-0.0400,-0.0400,1.9500
TSLA,2016-02-10 16:00,0.0100,-0.0600,-670.3000
TSLA,2016-05-04 16:00,-0.0400,-0.0400,15.2000
TSLA,2016-08-03 16:00,-0.0400,-0.0700,-70.2100
TSLA,2016-10-26 16:00,,0.0500,3034.4400
TSLA,2017-02-22 16:00,-0.0300,-0.0500,-40.6300
TSLA,2017-05-03 16:00,-0.0500,-0.0900,-65.9200
TSLA,2017-08-02 16:00,-0.1300,-0.0900,30.6700
TSLA,2017-11-01 16:00,-0.1500,-0.1900,-27.5200
TSLA,2018-02-07 16:00,-0.2100,-0.2000,3.4400
TSLA,2018-05-02 16:00,-0.2400,-0.2200,4.9800
TSLA,2018-08-01 16:00,-0.1900,-0.2000,-8.5300
TSLA,2018-10-24 16:00,,0.1900,12033.9500
TSLA,2019-01-30 16:00,0.1400,0.1300,-6.4600
TSLA,2019-04-24 17:00,-0.0600,-0.1900,-209.6300
TSLA,2019-07-24 16:00,-0.0300,-0.0700,-182.3100
TSLA,2019-10-23 16:00,-0.0200,0.1200,903.1100
TSLA,2020-01-29 16:00,0.1200,0.1400,17.7600
TSLA,2020-04-29 12:00,-0.0100,0.0800,650.2900
TSLA,2020-07-22 16:00,-0.0100,0.1500,1460.7700
TSLA,2020-10-21 18:00,0.2000,0.2500,25.7800
TSLA,2021-01-27 16:00,0.3500,0.2700,-23.9100
TSLA,2021-04-26 16:00,0.2600,0.3100,19.4200
TSLA,2021-07-26 16:00,0.3200,0.4800,49.8600
TSLA,2021-10-20 15:00,0.5400,0.6200,15.2200
TSLA,2022-01-26 16:00,0.7900,0.8500,6.8800
TSLA,2022-04-20 16:00,0.7500,1.0700,42.3100
TSLA,2022-07-20 17:00,0.6000,0.7600,26.8900
TSLA,2022-10-19 17:00,1.0000,1.0500,5.2300
TSLA,2023-01-25 16:00,1.1100,1.1900,7.2000
TSLA,2023-04-19 16:00,0.8500,0.8500,-0.4300
TSLA,2023-07-19 16:00,0.8200,0.9100,11.1200
TSLA,2023-10-18 16:00,0.7300,0.6600,-9.8100
TSLA,2024-01-24 16:00,0.7400,0.7100,-3.5000
TSLA,2024-04-23 16:00,0.4900,0.4500,-8.1400
TSLA,2024-07-23 20:00,0.6200,0.5200,-16.1500
TSLA,2024-10-23 16:00,0.6000,0.7200,20.4900
TSLA,2025-01-29 16:00,0.7700,0.7300,-5.1100
TSLA,2025-04-22 16:00,0.4100,0.2700,-34.8900
TSLA,2025-07-23 16:00,0.4000,0.4000,-1.1100
TSLA,2025-10-22 16:00,0.5600,0.5000,-10.5300
TSLA,2026-01-28 16:00,0.4500,0.5000,10.9600
TSLA,2026-04-22 16:00,0.3500,0.4100,17.1500
TSLA,2026-07-22 16:00,0.5400,0.3300,-39.1500
TSLA,2026-10-21 16:00,0.4500,,
V,2008-04-28 16:00,0.1100,0.1300,17.2400
V,2008-07-30 16:00,0.1200,0.1500,18.5900
V,2008-10-29 16:00,0.1400,0.1400,3.4900
V,2009-02-04 16:00,0.1600,0.2000,18.4300
V,2009-04-29 16:00,0.1600,0.1800,13.7700
V,2009-07-29 16:00,0.1600,0.1700,3.7600
V,2009-10-27 16:00,0.1800,0.1900,3.5700
V,2010-02-03 16:00,0.2300,0.2500,8.4000
V,2010-04-28 16:00,0.2300,0.2400,4.9500
V,2010-07-28 16:00,0.2300,0.2400,4.5000
V,2010-10-27 16:00,0.2300,0.2400,1.2400
V,2011-02-02 16:00,0.3000,0.3100,1.9900
V,2011-05-05 16:00,0.3000,0.3100,3.0400
V,2011-07-27 16:00,0.3100,0.3200,2.7100
V,2011-10-26 16:00,0.3100,0.3200,1.4900
V,2012-02-08 16:00,0.3600,0.3700,2.7000
V,2012-05-02 16:00,0.3800,0.4000,6.3000
V,2012-07-25 16:00,0.3600,0.3900,7.4700
V,2012-10-31 16:00,0.3700,0.3900,2.7800
V,2013-02-06 16:00,0.4500,0.4800,8.0600
V,2013-05-01 16:00,0.4500,0.4800,6.0600
V,2013-07-24 16:00,0.4500,0.4700,4.5300
V,2013-10-30 16:00,0.4600,0.4600,-0.3100
V,2014-01-30 07:00,0.5400,0.5500,1.8000
V,2014-04-24 16:00,0.5500,0.5400,-0.2400
V,2014-07-24 16:00,0.5200,0.5400,3.6200
V,2014-10-29 16:00,0.5300,0.5500,3.8000
V,2015-01-29 16:00,0.6200,0.6300,1.5900
V,2015-04-30 16:00,0.6200,0.6300,1.1000
V,2015-07-23 16:00,0.5800,0.6200,6.7500
V,2015-11-02 06:00,0.6300,0.6200,-1.2300
V,2016-01-28 16:00,0.6800,0.6900,1.4300
V,2016-04-21 16:00,0.6600,0.6800,2.6000
V,2016-07-21 16:00,0.6700,0.6900,2.9900
V,2016-10-24 16:00,0.7300,0.7800,7.1100
V,2017-02-02 16:00,0.7800,0.8600,9.9800
V,2017-04-20 16:00,0.7900,0.8600,8.7600
V,2017-07-20 16:00,0.8100,0.8600,6.4000
V,2017-10-25 06:00,0.8500,0.9000,6.0200
V,2018-02-01 16:00,0.9800,1.0800,10.1300
V,2018-04-25 16:00,1.0100,1.1100,9.3600
V,2018-07-25 16:00,1.0900,1.2000,9.8500
V,2018-10-24 16:00,1.2000,1.2100,0.9500
V,2019-01-30 16:00,1.2500,1.3000,3.9500
V,2019-04-24 16:00,1.2400,1.3100,5.7400
V,2019-07-23 16:00,1.3200,1.3700,3.4800
V,2019-10-24 16:00,1.4300,1.4700,2.7900
V,2020-01-30 16:00,1.4700,1.4600,-0.3600
V,2020-04-30 16:00,1.3500,1.3900,2.8000
V,2020-07-28 16:00,1.0400,1.0600,2.3100
V,2020-10-28 16:00,1.1000,1.1200,1.9400
V,2021-01-28 16:00,1.2800,1.4200,11.2700
V,2021-04-27 16:00,1.2700,1.3800,8.6400
V,2021-07-27 16:00,1.3500,1.4900,10.5000
V,2021-10-26 16:00,1.5400,1.6200,5.3500
V,2022-01-27 16:00,1.7000,1.8100,6.3400
V,2022-04-26 16:00,1.6500,1.7900,8.3700
V,2022-07-26 16:00,1.7500,1.9800,13.2900
V,2022-10-25 16:00,1.8700,1.9300,3.4700
V,2023-01-26 16:00,2.0100,2.1800,8.4600
V,2023-04-25 16:00,1.9900,2.0900,5.1800
V,2023-07-25 16:00,2.1200,2.1600,2.0300
V,2023-10-24 16:00,2.2400,2.3300,3.8300
V,2024-01-25 16:00,2.3400,2.4100,3.0500
V,2024-04-23 16:00,2.4300,2.5100,3.1600
V,2024-07-23 16:00,2.4200,2.4200,0.1100
V,2024-10-29 16:00,2.5800,2.7100,5.2400
V,2025-01-30 16:00,2.6600,2.7500,3.3400
V,2025-04-29 16:00,2.6800,2.7600,3.0000
V,2025-07-29 16:00,2.8500,2.9800,4.6800
V,2025-10-28 16:00,2.9700,2.9800,0.2800
V,2026-01-29 16:00,3.1400,3.1700,0.8800
V,2026-04-28 16:00,3.1000,3.3100,6.7900
V,2026-07-28 16:00,3.2300,3.3200,2.7600
V,2026-10-27 16:00,3.4300,,
WMT,2002-05-14 07:00,0.1200,0.1200,2.3900
WMT,2002-08-13 07:00,0.1500,0.1500,2.3400
WMT,2002-11-13 07:00,0.1300,0.1400,1.8000
WMT,2003-02-18 07:00,0.1900,0.1900,1.6400
WMT,2003-05-13 07:00,0.1400,0.1400,0.2100
WMT,2003-08-13 06:00,0.1700,0.1700,-0.2000
WMT,2003-11-13 06:00,0.1600,0.1500,-1.7900
WMT,2004-02-19 07:00,0.2100,0.2100,-0.4200
WMT,2004-05-13 06:00,0.1600,0.1700,1.6700
WMT,2004-08-12 06:00,0.2000,0.2100,2.6100
WMT,2004-11-16 06:00,0.1800,0.1800,0.4500
WMT,2005-02-17 06:00,0.2500,0.2500,1.5700
WMT,2005-05-12 06:00,0.1900,0.1800,-2.3700
WMT,2005-08-16 06:00,0.2200,0.2200,2.5500
WMT,2005-11-14 06:00,0.1900,0.2000,3.1100
WMT,2006-02-21 06:00,0.2800,0.2800,0.8900
WMT,2006-05-16 06:00,0.2000,0.2100,4.2100
WMT,2006-08-15 06:00,0.2400,0.2400,-0.8800
WMT,2006-11-14 06:00,0.2000,0.2000,0.9600
WMT,2007-02-20 06:00,0.3000,0.3100,3.3300
WMT,2007-05-15 06:00,0.2300,0.2300,0.4900
WMT,2007-08-14 06:00,0.2500,0.2400,-5.8200
WMT,2007-11-13 01:00,0.2200,0.2300,2.9900
WMT,2008-02-19 06:00,0.3400,0.3500,2.1600
WMT,2008-05-13 06:00,0.2500,0.2500,0.6600
WMT,2008-08-14 06:00,0.2800,0.2900,2.7000
WMT,2008-11-13 06:00,0.2500,0.2600,1.4600
WMT,2009-02-17 07:00,0.3200,0.3400,6.2900
WMT,2009-05-14 07:00,0.2600,0.2600,-0.3000
WMT,2009-08-13 07:00,0.2800,0.2900,2.9900
WMT,2009-11-12 07:00,0.2700,0.2800,3.8500
WMT,2010-02-18 07:00,0.3700,0.3900,4.3500
WMT,2010-05-18 08:00,0.2900,0.2900,2.2700
WMT,2010-08-17 07:00,0.3200,0.3200,0.4000
WMT,2010-11-16 07:00,0.3000,0.3000,-0.1900
WMT,2011-02-22 07:00,0.4400,0.4500,2.2900
WMT,2011-05-17 07:00,0.3200,0.3300,2.7200
WMT,2011-08-16 07:00,0.3600,0.3600,1.1800
WMT,2011-11-15 07:00,0.3300,0.3200,-0.8300
WMT,2012-02-21 07:00,0.4900,0.4800,-1.0600
WMT,2012-05-17 07:00,0.3500,0.3600,4.4100
WMT,2012-08-16 07:00,0.3900,0.3900,0.6600
WMT,2012-11-15 07:00,0.3600,0.3600,0.6600
WMT,2013-02-21 07:00,0.5200,0.5600,6.4400
WMT,2013-05-16 07:00,0.3800,0.3800,-0.4600
WMT,2013-08-15 07:00,0.4200,0.4200,-0.1400
WMT,2013-11-14 07:00,0.3800,0.3800,1.0500
WMT,2014-02-20 07:00,0.5300,0.5300,0.8700
WMT,2014-05-15 07:00,0.3800,0.3700,-4.5300
WMT,2014-08-14 07:00,0.4000,0.4000,0.0100
WMT,2014-11-13 07:00,0.3700,0.3800,2.7700
WMT,2015-02-19 08:00,0.5100,0.5400,4.9700
WMT,2015-05-19 07:00,0.3500,0.3400,-1.4400
WMT,2015-08-18 07:00,0.3700,0.3600,-3.9500
WMT,2015-11-17 07:00,0.3300,0.3300,1.2100
WMT,2016-02-18 07:00,0.4900,0.5000,2.2200
WMT,2016-05-19 07:00,0.2900,0.3300,10.8700
WMT,2016-08-18 07:00,0.3400,0.3600,4.2300
WMT,2016-11-17 07:00,0.3200,0.3300,2.2000
WMT,2017-02-21 07:00,0.4300,0.4300,0.9600
WMT,2017-05-18 07:00,0.3200,0.3300,3.8300
WMT,2017-08-17 06:00,0.3600,0.3600,1.2100
WMT,2017-11-16 07:00,0.3200,0.3300,2.8100
WMT,2018-02-20 06:00,0.4600,0.4400,-2.9600
WMT,2018-05-17 07:00,0.3700,0.3800,1.5100
WMT,2018-08-16 07:00,0.4100,0.4300,6.0000
WMT,2018-11-15 07:00,0.3400,0.3600,6.3900
WMT,2019-02-19 07:00,0.4400,0.4700,5.6700
WMT,2019-05-16 07:00,0.3400,0.3800,10.8200
WMT,2019-08-15 07:00,0.4100,0.4200,4.3000
WMT,2019-11-14 07:00,0.3600,0.3900,6.3600
WMT,2020-02-18 06:00,0.4800,0.4600,-3.8400
WMT,2020-05-19 07:00,0.3600,0.3900,8.4800
WMT,2020-08-18 06:00,0.4200,0.5200,24.1100
WMT,2020-11-17 07:00,0.4000,0.4500,12.8000
WMT,2021-02-18 06:00,0.5000,0.4600,-8.0000
WMT,2021-05-18 06:00,0.4000,0.5600,40.0600
WMT,2021-08-17 07:00,0.5200,0.5900,13.1700
WMT,2021-11-16 07:00,0.4600,0.4800,3.9700
WMT,2022-02-17 07:00,0.5000,0.5100,2.2100
WMT,2022-05-17 06:00,0.4900,0.4300,-12.1000
WMT,2022-08-16 07:00,0.5400,0.5900,10.0200
WMT,2022-11-15 07:00,0.4400,0.5000,13.9500
WMT,2023-02-21 07:00,0.5000,0.5700,12.8800
WMT,2023-05-18 07:00,0.4400,0.4900,11.6400
WMT,2023-08-17 06:00,0.5700,0.6100,7.8800
WMT,2023-11-16 06:00,0.5100,0.5100,0.3900
WMT,2024-02-20 06:00,0.5500,0.6000,9.3500
WMT,2024-05-16 06:00,0.5200,0.6000,14.3600
WMT,2024-08-15 06:00,0.6500,0.6700,3.7600
WMT,2024-11-19 06:00,0.5300,0.5800,8.8400
WMT,2025-02-20 06:00,0.6500,0.6600,2.0400
WMT,2025-05-15 06:00,0.5800,0.6100,5.6400
WMT,2025-08-21 06:00,0.7400,0.6800,-7.9700
WMT,2025-11-20 06:00,0.6000,0.6200,3.1100
WMT,2026-02-19 06:00,0.7300,0.7400,1.7900
WMT,2026-05-21 06:00,0.6600,0.6600,0.1900
WMT,2026-08-20 06:00,0.7400,0.8100,9.2700
WMT,2026-11-19 07:00,0.6400,,
XOM,2002-01-23 08:00,0.3800,0.4200,11.2600
XOM,2002-04-23 09:00,0.3900,0.3100,-19.8300
XOM,2002-08-01 08:00,0.4500,0.3900,-12.3600
XOM,2002-10-31 08:00,0.4200,0.4400,4.9900
XOM,2003-01-30 08:00,0.5000,0.5600,11.3600
XOM,2003-05-01 08:00,0.6900,0.7100,2.7500
XOM,2003-07-31 08:00,0.5600,0.6200,11.5100
XOM,2003-10-30 08:00,0.6200,0.5500,-11.8600
XOM,2004-01-29 08:00,0.5800,0.6800,17.8500
XOM,2004-04-29 08:00,0.7500,0.8300,11.1100
XOM,2004-07-29 08:00,0.8800,0.8800,0.4600
XOM,2004-10-28 08:00,0.8700,0.9600,10.9800
XOM,2005-01-31 08:00,1.0500,1.3000,23.9300
XOM,2005-04-28 08:00,1.2000,1.1500,-4.0100
XOM,2005-07-28 08:00,1.2200,1.2300,0.6500
XOM,2005-10-27 08:00,1.3900,1.3200,-5.1000
XOM,2006-01-30 08:00,1.4500,1.6500,13.4800
XOM,2006-04-27 08:00,1.4600,1.4100,-3.6900
XOM,2006-07-27 08:00,1.6400,1.7200,4.6200
XOM,2006-10-26 08:00,1.5900,1.7700,11.3900
XOM,2007-02-01 09:00,1.5200,1.6900,11.4000
XOM,2007-04-26 08:00,1.5300,1.6200,6.2300
XOM,2007-07-26 09:00,1.9600,1.8300,-6.6600
XOM,2007-11-01 08:00,1.7400,1.7000,-2.0900
XOM,2008-02-01 08:00,1.9800,2.1300,7.8500
XOM,2008-05-01 08:00,2.1100,2.0300,-3.9600
XOM,2008-07-31 08:00,2.5300,2.2700,-10.3100
XOM,2008-10-30 08:00,2.3800,2.5900,8.7500
XOM,2009-01-30 08:00,1.5100,1.5500,2.4700
XOM,2009-04-30 08:00,0.9500,0.9200,-3.0600
XOM,2009-07-30 08:00,1.0200,0.8400,-17.8100
XOM,2009-10-29 09:00,1.0300,0.9800,-4.9500
XOM,2010-02-01 09:00,1.1900,1.2700,6.6100
XOM,2010-04-29 08:00,1.3800,1.3700,-0.9500
XOM,2010-07-29 08:00,1.4700,1.6000,8.6400
XOM,2010-10-28 08:00,1.3900,1.4400,3.4400
XOM,2011-01-31 08:00,1.6200,1.8500,13.8500
XOM,2011-04-28 08:00,2.0200,2.1400,5.9000
XOM,2011-07-28 08:00,2.3300,2.1800,-6.3700
XOM,2011-10-27 08:00,2.1300,2.1300,-0.1700
XOM,2012-01-31 13:00,1.9800,1.9700,-0.3600
XOM,2012-04-26 08:00,2.1100,2.0000,-5.1300
XOM,2012-07-26 08:00,1.9600,1.8000,-8.0400
XOM,2012-11-01 08:00,1.9300,2.0900,8.1600
XOM,2013-02-01 08:00,2.0000,2.2000,10.2600
XOM,2013-04-25 08:00,2.0500,2.1200,3.2300
XOM,2013-08-01 08:00,1.9000,1.5500,-18.2900
XOM,2013-10-31 08:00,1.7800,1.7900,0.5800
XOM,2014-01-30 08:00,1.9200,1.9100,-0.5000
XOM,2014-05-01 08:00,1.8800,2.1000,11.7500
XOM,2014-07-31 08:00,1.8600,2.0500,10.0200
XOM,2014-10-31 08:00,1.7200,1.8900,10.1200
XOM,2015-02-02 08:00,1.3400,1.3200,-2.1900
XOM,2015-04-30 08:00,0.8300,1.1700,40.9700
XOM,2015-07-31 08:00,1.1100,1.0600,-4.9200
XOM,2015-10-30 08:00,0.9000,1.0100,12.7700
XOM,2016-02-02 08:00,0.6400,0.6700,4.9500
XOM,2016-04-29 08:00,0.3100,0.4300,39.1200
XOM,2016-07-29 08:00,0.6400,0.4100,-35.5100
XOM,2016-10-28 08:00,0.6000,0.6300,5.6400
XOM,2017-01-31 08:00,0.7000,0.8900,26.3100
XOM,2017-04-28 08:00,0.8700,0.9500,9.6100
XOM,2017-07-28 08:00,0.8500,0.7800,-8.4600
XOM,2017-10-27 08:00,0.8700,0.9300,7.4000
XOM,2018-02-02 08:00,1.0300,0.8800,-14.4500
XOM,2018-04-27 08:00,1.1000,1.0900,-1.2700
XOM,2018-07-27 08:00,1.2700,0.9200,-27.7800
XOM,2018-11-02 08:00,1.2200,1.4600,19.4200
XOM,2019-02-01 08:00,1.0900,1.5000,37.3300
XOM,2019-04-26 08:00,0.7300,0.5500,-24.5100
XOM,2019-08-02 07:00,0.7100,0.6100,-13.5900
XOM,2019-11-01 07:00,0.6600,0.6800,2.5600
XOM,2020-01-31 07:00,0.4500,0.4100,-9.5800
XOM,2020-05-01 08:00,0.0500,0.5300,988.3000
XOM,2020-07-31 07:00,-0.6000,-0.7000,-17.0500
XOM,2020-10-30 07:00,-0.2500,-0.1800,27.8000
XOM,2021-02-02 07:00,0.0200,0.0300,50.0000
XOM,2021-04-30 07:00,0.6000,0.6500,8.1700
XOM,2021-07-30 07:00,0.9900,1.1000,10.5700
XOM,2021-10-29 07:00,1.5200,1.5800,3.7900
XOM,2022-02-01 07:00,1.9300,2.0500,6.2700
XOM,2022-04-29 06:00,2.2200,2.0700,-6.9600
XOM,2022-07-29 06:00,3.8900,4.1400,6.4600
XOM,2022-10-28 06:00,3.8200,4.4500,16.4800
XOM,2023-01-31 06:00,3.2800,3.4000,3.5700
XOM,2023-04-28 06:00,2.5900,2.8300,9.3200
XOM,2023-07-28 06:00,2.0200,1.9400,-3.9100
XOM,2023-10-27 03:00,2.3600,2.2700,-3.8200
XOM,2024-02-02 06:00,2.1900,2.4800,13.0400
XOM,2024-04-26 04:00,2.1600,2.0600,-4.7500
XOM,2024-08-02 06:00,2.0100,2.1400,6.5100
XOM,2024-11-01 06:00,1.8700,1.9200,2.6000
XOM,2025-01-31 06:00,1.5500,1.6700,7.8700
XOM,2025-05-02 06:00,1.7400,1.7600,1.1600
XOM,2025-08-01 06:00,1.5600,1.6400,4.9300
XOM,2025-10-31 06:00,1.8200,1.8800,3.0300
XOM,2026-01-30 06:00,1.6900,1.7100,1.1200
XOM,2026-05-01 06:00,1.0100,1.1600,15.1400
XOM,2026-07-31 06:00,3.6300,4.1100,13.2600
XOM,2026-10-30 08:00,3.6600,,
